0,92
00,7
0000,1
002,1
006,1
01,11
0141,1
02,5
02052017,1
03,5
0348pm,1
05,1
0630am,1
0655am,1
067,1
0736pm,1
09,4
0909,1
0954amready,1
09h00,1
0o,1
1,201
10,78
100,37
1000,4
100000,1
1000am,1
100m,5
100million,2
100th,6
101,1
1015a,1
102,1
103671,1
10433,1
105,2
1095,1
10am,1
10am1pm,1
10k,2
10man,2
10mins,1
10pcs,1
10pcslot,3
10zl,2
11,34
110,2
1100,2
11000,1
11001200,1
1118,1
1130,2
114000,1
115,4
117,1
11th,1
12,29
120,2
121,4
122,1
1230,3
1273613004,1
127am,1
1299,1
12th,3
12x6ft,1
13,8
13042017,2
130pm,1
1314,2
135,3
1399,2
13 only,1
14,6
140,1
1400,1
14042017,4
141,5
1415,2
142,1
144,1
1450km,1
1499,1
14th,11
14x,1
15,35
150,4
15042017,5
150600,15
151,1
1516,5
152,1
1520,1
154,1
1542017,1
1545perukidsyouthsoccerjerseyshortskittshirtfutbolfootball,1
155,1
15th,32
15yearold,2
16,12
160010,1
16042017,1
1611,1
1617,9
165,1
166,1
1666,1
16april,1
16th,13
17,15
17042017,5
1720,4
1730,3
17417,1
1742017,1
17587765,1
178,1
1795,1
17oz,1
17th,12
17yearold,1
18,5
18042017,5
1824,1
186,1
1860,2
1872,1
1879,1
189,1
1893,1
1896,1
18kcapacity,1
18th,8
18ye,1
18yearolds,1
19,2
1930,1
1934,1
1938,1
1946,2
1950s,1
1952,1
1958,1
196,2
1960,2
1962,1
1966,3
1968,1
1974,1
1978,1
1982,1
198285,1
1983,1
1985,2
1986,2
1988,1
1989,1
1990,1
199193,2
1992,1
19921994,1
1993,2
1994,22
19941995,1
199495,2
199496,1
1995,3
1996,7
1997,3
1998,11
199800,1
19982000,2
1999,7
199900,2
19cm,3
19footballsoccerticket,1
19min,1
19th,1
1dx,15
1h,2
1oz,1
1pc,1
1pcs,1
1pm,1
1pr,1
1pt,1
1soccerdouble,1
1st,10
1touch,1
1x,2
2,148
20,54
200,10
2000,8
200000,5
200001,1
200002,2
2001,7
200103,1
2002,14
200203,2
200204,2
2003,2
200305,2
2004,11
200405,3
200406,2
2005,2
200506,3
2006,17
200607,8
200608,1
2007,3
200708,1
20072009,1
2008,15
200809,2
200810,1
20082009,1
2009,5
200910,2
20092010,2
201,4
2010,25
201011,6
2011,7
201112,2
20112012,1
2012,7
201213,4
2013,7
201314,2
2014,90
201415,5
2014 reaction,1
2015,20
20152016,1
2016,32
201617,9
20162017,49
2016 reaction,1
2017,226
20170412,1
201718,1
2017best,2
2017 ,1
2018,5
2026,3
207,1
2074,1
208,2
20goal,1
20m,2
20min,1
20th,1
20yrs,1
21,36
210,1
214,2
21st,1
22,18
22nd,2
22year,1
23,1
230,1
230pm,2
2325,1
235,1
23rd,1
24,4
2418m,1
244,1
245,1
245p,2
247,4
24ft,1
24hour,4
24m,1
24pm,1
24th,1
24x,2
24x18m,1
24years,1
25,20
250,1
25004000,15
2580,1
2590,1
25m,2
25million,2
25th,1
260,1
268,1
26th,1
27,4
270,1
276,1
27m,2
28,7
280,1
28th,10
29,2
290,1
298,1
299,1
29th,1
2nd,16
2pm,2
2pm4pm,1
2t,1
2up,1
2xl,11
3,127
30,44
300,4
300000,1
300000aweek,2
3024,1
3032,1
3055,1
30m,2
30million,4
30min,1
31,5
312million,4
31aeyrold,1
31yearold,64
32,17
320,1
33,17
330,1
3344,1
34,4
3412,1
3421,1
343,10
34year,2
35,6
350,1
352,10
35m,2
36,5
360,4
365,3
37,1
38,3
383,1
3855,1
38th,1
39,1
3944,1
39x57,1
3d,12
3g,1
3h,1
3rd,3
3shot,1
3v3,6
3zack,1
4,51
40,13
401,1
40s,1
40th,1
41,3
41212,1
4141,2
417,1
4172017frasca,1
42,2
4213,3
4222,1
4231,27
425,1
43,2
430pm,1
433,7
44,1
4411,3
442,19
45,5
455,1
45min,1
46,3
4648,1
47,4
48,3
49,3
499,1
4chan,1
4meter,2
4pm,1
4x4,1
5,52
50,29
500,2
5000,4
500000,3
501,1
5050,9
50s,1
50th,77
50yard,2
50yrs,1
51,12
511,1
515,1
53,1
532,1
534,1
541,2
542017,1
550,1
55000,1
55million,2
560,1
5663,15
57,1
578027,1
58,2
589854,1
59,2
5930,1
5aside,1
5k,1
5live,2
5s,1
5star,2
5th,1
6,23
60,3
600001,1
605363,1
605365,1
60fps,6
61,2
63,5
630a,1
64,5
641858803,1
648555803,1
649,1
649230380,1
65,5
66,1
68,1
69,1
6ft,2
6nations,1
6pm,1
6th,1
6x4,1
7,25
70,1
705,1
7075f,1
71,8
710,1
72,1
724643,2
73x,1
73x24m,1
74,1
747213,1
75,6
75ml,2
75ml25oz,1
77,1
78,3
780,1
79,1
7am,1
7awest,1
7pm,3
7th,1
7yate,1
8,13
80,27
800am,1
80s,1
81,4
811pm,1
814,1
815,3
83,1
830,3
844626,1
85,6
86,2
88,3
88th,1
89,2
8ft,2
8rung,2
9,17
90,15
90k,1
90s,9
90th,6
91,2
9101997,1
917,1
92,1
93,1
930,3
9345,1
935m,1
9394,1
94,11
94th,1
95,4
96,2
9798,1
98,6
98s,1
99,2
999,1
9999,1
a,1117
a5,2
aaarite,1
aalesund,1
ab,1
abahani,1
abandoned,3
abandonment,2
abbreviated,1
abc,1
abdullah,1
abdulrasheed,1
abeg,1
aberdeen,1
abil,1
ability,3
able,2
about,146
above,3
abraham,2
abroad,3
absence,2
absolado,1
absolutely,4
absurd,1
abt,1
abu,1
abuse,2
ac,40
academy,9
academys,1
acc,3
acca,7
accam,1
accas,1
acceleration,1
accent,2
accept,1
accepts,1
accessories,5
accidentally,1
accidents,1
according,9
account,5
accounts,6
accrington,2
accuracy,2
accuro,1
accuse,2
accuses,1
ace,7
acf,2
ache,1
achieve,1
achievement,1
acics,1
acknowledge,2
acl,1
acosta,2
acquires,1
acquisition,1
acres,2
across,1
act,2
acting,1
action,12
active,8
activity,4
acts,1
actual,4
actually,7
ad,1
adam,1
adamant,3
adams,6
adamss,1
adapt,1
add,13
added,30
addictive,2
additional,1
adds,1
adecuacion,4
adelaide,1
adelante,3
adi,1
adidas,121
adiddas,1
adili,1
adipure,1
adizero,38
adjusting,1
administration,1
administrator,1
admission,3
admits,39
admonished,1
ado,2
adopted,1
adorox,1
ads,1
adsverts,1
adult,5
adults,1
advanced,1
advantage,5
adventure,1
adventurequest,1
advice,1
aet,2
afa,1
afc,11
aff,4
affair,3
affairs,1
affi,1
afford,2
affords,1
afl,2
afraid,1
africa,7
african,8
africans,2
after,253
afternoon,2
afternoons,1
afterschool,1
afterthought,1
afterwall,1
ag,1
aga,1
again,30
against,117
age,2
agent,2
agents,1
ages,2
agg,7
aggiunto,1
aggregate,3
aggrieved,1
agility,10
agnew,3
agnews,1
ago,14
agp,1
agr,6
agree,8
agreed,1
agreement,7
agrees,1
aguero,4
agueros,2
aguila,3
ahe,1
ahead,56
ahem,1
ahhh,1
ahkello,1
ahly,1
ahmad,1
ahmadiyya,1
ahmedinho17,1
ailment,1
aim,1
aiming,1
aint,1
air,7
aired,1
aires,1
airport,1
ajaccio,1
ajax,15
ajkdfnji,1
aka,14
akragas,1
al,7
alabama,1
alameda,1
alaves,4
alavi,1
alba,3
albinoleffe,1
albion,33
albions,1
albo,1
album,2
aleague,12
alejandro,1
aleksandar,1
alert,1
alessandrini,1
alex,10
alexandre,2
alexis,38
alhamdolillah,1
ali,1
alice,1
alive,13
all,177
alla,1
allah,1
allardyce,4
allaround,1
allays,4
allegation,3
allegri,11
allen,1
alli,17
allinonesportsarena,1
allkiwi,1
alll,1
allow,6
allowed,1
allstar,7
allstars,4
alltime,2
alma,1
almeria,1
almost,13
alo,2
alone,1
along,1
alongside,1
alonso,20
alot,1
alpha,4
already,11
alshams,1
also,31
altercation,4
alternate,1
althletic,1
although,4
altidore,1
alum,1
alvarez,2
alvaro,9
alves,7
always,10
am,73
amakhosis,2
amateur,4
amateurs,1
amazed,1
amazes,3
amazing,10
amazon,3
ambassador,1
ambition,1
ambitions,1
amenon,3
ameri,1
americ,1
america,21
american,96
americanized,1
americans,24
americas,2
amerisnobs,1
amicale,1
amid,20
amilcar,3
ammo,1
among,6
amongst,1
amp,4
amusing,2
amy,1
an,97
analyse,3
analysing,3
analysis,13
analysisitalian,1
analyst,1
ancelotti,16
and,1153
ander,11
anderlec,1
anderlecht,10
andi,1
andor,1
andre,1
andrea,5
andres,1
andrew,1
android,4
andy,1
anfield,4
angel,1
angeles,2
anger,1
angers,11
angles,1
angry,4
animal,1
animals,1
animation,1
ankle,3
anniversary,88
announce,1
announced,7
announces,4
annoying,2
annual,5
ano,1
anothe,1
another,49
answer,7
anthem,2
anthony,5
anti,2
antifog,2
antislip,1
antoine,14
antonio,48
anxious,2
any,42
anyhow,1
anymore,12
anyone,10
anything,12
anyway,2
anywhere,4
ao,1
aons,1
apart,3
apartheid,1
apex,4
apexone,1
apk,8
apologizes,1
apology,1
aponle,1
app,5
apparel,1
apparently,2
appeal,2
appealing,1
appear,1
appearance,2
appearancemaker,2
appeared,2
applaud,1
appoint,1
appointed,3
appointment,4
approach,3
approaching,1
apps,1
apr,9
april,106
arabia,1
arbitration,1
arc,1
archery,2
arda,3
are,225
area,7
arena,8
arent,3
argentina,29
argentine,20
argentinean,1
argue,1
argued,1
arguing,3
argument,1
argyle,1
ariana,1
arlington,1
arm,1
armour,3
army,2
around,19
arrested,3
arrests,1
arrival,6
arrive,1
arriving,1
arsenal,225
arsenalmiddlesbrough,1
arsenals,16
arsene,57
arshavin,2
art,7
artemio,2
article,20
articles,1
arts,1
arturo,4
as,243
asap,2
asawasi,1
asensio,1
ash,1
ashley,7
asian,3
asians,1
ask,8
asked,12
asking,9
asn,1
aspext,1
aspirations,1
ass,3
assembly,2
assert,7
asses,1
assessing,1
assessment,1
assistant,1
assisters,1
assists,5
assoccer,3
associated,34
association,92
assume,3
assumes,1
assuming,1
assured,2
aston,7
astonishing,1
astral,1
astro,2
astrobase,2
astroturf,2
aswan,2
aswell,1
at,558
atdhe24,1
ath,1
athens,3
athlete,19
athletes,6
athletesport,1
athletic,13
athletico,1
athletics,3
atlanta,14
atlantas,2
atlas,1
atletica,3
atletico,80
atleticos,3
atmosphe,1
atmosphere,3
atomic,1
attack,48
attacked,7
attacker,1
attackers,3
attacking,4
attacks,1
attempt,7
attempted,1
attempts,2
attend,1
attended,3
attending,2
attention,1
attitude,3
attract,10
atw,1
aubameyang,2
auditing,1
audrey,1
august,1
aura,1
aurora,1
aussie,2
aussierules,3
austin,1
australia,24
australian,29
australians,1
authentic,29
authorities,1
authors,1
auto,5
autograph,7
autographed,3
automatic,2
autumn,1
availability,1
availability ,1
available,22
ave,1
aveiro,1
avellino,1
average,1
aviva,1
avoid,7
avoiding,1
await,1
awaiting,1
award,7
awarded,1
awards,1
aware,1
away,66
awe,2
awesome,22
awesomeness,1
awful,1
awkward,1
az,2
aztecs,2
azul,1
azzuri,1
b,23
b4,2
ba,3
baby,8
baccarat,2
back,82
backed,4
backheel,3
backing,4
backs,16
backwards,1
backyard,2
bad,18
badge,5
badges,3
badly,1
badminton,4
baf4675,1
bag,9
bags,3
baichung,1
baix,1
balance,2
bale,32
ball,71
ballflag,1
ballfootball,1
ballinamallard,1
ballklubb,1
ballon,1
balls,23
balmain,1
balotelli,1
baltimore,1
bam,2
bams,2
ban,13
band,3
bands,7
bangura,1
bank,9
bankroll,10
bankrupt,1
banks,1
banned,16
banners,1
banning,2
bans,3
banter,2
banters,1
baobab,2
bar,6
barangay,1
barbalinardo,1
barca,20
barcelona,154
barcelonas,3
barclay,4
bare,1
barely,1
bargain,3
bargepole,1
barkley,32
barkleys,1
barnet,3
barnsley,1
baroka,1
barren,1
barrier,1
barring,1
bartley,1
barton,2
bartra,18
bartras,3
barzagli,3
bas,1
base,4
baseba,1
baseball,126
baseball21,1
baseballbasketballsoccerfootball,1
baseballsoccer,1
baseballsoccerfootball,1
baseballsoftballvolleyballfootballgolf,1
baseballtop,1
based,1
basel,2
basic,1
basically,1
basics,2
basis,1
bask,1
basket,3
basketb,1
basketball,259
basketballfootballsoccer,1
basketballheres,1
bastards,1
basten,2
bastia,18
bastian,1
bastiaolympique,1
bath,1
batshuayi,16
battered,1
battle,23
battles,1
battleship,1
battling,2
bauza,2
bayern,100
bayerns,11
bayhill,1
bayradio,1
bays,2
bball,3
bball12,1
bball7,1
bbc,10
bbva,1
bc,12
bct,1
be,187
beach,18
beachgoers,6
beanies,1
bearded,1
beast,2
beastly,2
beasts,2
beat,41
beaten,3
beating,8
beats,8
beautiful,15
beauty,3
bec,10
became,4
because,22
beckenbaeur,1
beckham,8
becks,1
become,29
becomes,5
becoming,3
bed,1
bedding,1
bedoya,2
bedroom,2
bedrooms,1
bee,1
beek,2
been,83
beer,3
beerspints,1
before,41
beg,1
began,2
begged,1
begi,1
begin,2
beginners,2
begins,1
begovic,4
behave,1
behaviour,1
behind,31
bein,1
being,36
belajar,1
belanov,1
belgia,1
belgian,25
belgium,2
belgrano,3
belief,2
believe,11
believed,1
believes,5
bellambi,1
bellerin,9
belles,64
belotti,3
below,1
belstaff,1
bemused,3
ben,5
bench,4
benched,1
benches,1
bend,4
benefit,1
benefits,5
benfica,1
benficas,2
bengaluru,2
benidorm,4
benitez,1
benjamin,3
benny,1
benteke,3
bentonville,1
benzema,11
berbatov,4
berisha,3
berlin,3
berlusconi,4
bernabeu,4
bernie,1
berserk,2
bescot,1
besides,1
besiktas,7
best,260
best value,1
bet,37
bet365,2
betathome,2
betfair,5
beth,2
betrayile,1
bets,1
better,57
betting,53
betvictor,1
betway,1
between,17
beware,1
beyoncé,1
beyond,4
beyondfashion,2
bgt,5
bhpgreenville,1
bhutia,1
bible,1
bickell,1
bicycle,5
bid,19
bids,1
bielsa,1
big,64
bigger,5
biggest,16
biggie,1
biki,1
bilbao,6
bilic,2
bill,2
billericay,2
billion,1
billy,2
bingo,2
binoculars,1
bio,2
bioif,1
bipolar,1
birindelli,1
birmingham,20
birnbaum,1
birth,1
birthday,7
bisp,1
bit,6
bitch,2
bitcoin,1
biting,3
bitter,1
bizarre,12
bizzare,2
bjorn,2
black,41
blackblue,1
blackburn,2
blackmail,1
blackpool,5
blacktotal,1
blackwhite,1
bladder,6
blade,1
blades,4
blaise,2
blake,6
blame,11
blames,1
blancos,2
blasphemy,1
blast,1
blasted,2
blasts,5
bleacher,2
bleachers,1
bleacherswe,1
blend,1
blessing,1
blind,1
bline,1
blink,10
bln,1
blocked,4
blocks,2
blog,9
blood,2
bloopers,4
blow,8
blowin,1
blowing,1
blown,1
blownup,1
blue,22
bluecube489,1
bluefield,2
blueprint,1
blues,13
blunder,1
blur,1
blushes,2
bnwt,8
board,8
boards,2
boasting,3
boateng,3
boavista,1
bob,3
bobby,1
boca,1
bodies,1
body,6
bodywear,1
boi,1
boise,2
bolasie,1
bolivia,1
bolton,4
bomb,3
bomber,1
bombing,3
bombs,1
bond,122
bong,1
bonus,19
boo,3
booboys,1
book,9
bookings,1
books,7
boost,6
boosted,1
boosts,2
boot,8
booth,1
bootleg,1
boots,24
boots ,2
borbely,1
border,1
bored,2
boring,10
borini,5
born,1
boro,11
borough,1
borussia,19
bosco,1
boss,40
bostock,1
boston,4
bosz,1
botafogo,2
botas,1
both,25
bother,1
bothered,1
bottle,1
bottom,2
bought,3
bounce,7
bounced,1
bouncers,1
boundary,1
bournemouth,33
bout,4
bouy,1
bow,2
bowing,1
bowl,3
bowling,2
box,9
boxerbriefs,1
boxing,31
boy,15
boycott,4
boyd,1
boys,34
br,1
brace,5
braced,2
bracket,1
brad,2
bradford,4
bradley,5
brady,2
braga,1
brahim,1
brahimi,2
brain,10
brainless,1
branche,1
brand,13
brandi,1
brandon,1
brands,1
brann,1
brasil,13
braves,2
bravo,3
brazil,43
brazilian,5
break,18
breakdown,1
breaker,1
breakin,1
breaking,4
breaks,3
breakthrough,1
breasted,1
breasts,1
breath,1
breathe,1
breda,2
bremen,4
brentford,1
bretos,5
brexit,4
brian,2
bridge,8
brief,1
briefchinese,1
briefly,1
bright,2
brighton,75
brightons,3
brilliant,13
bring,11
bringing,2
brings,15
brink,4
brisbane,3
bristol,12
britain,4
britains,1
british,9
britons,1
brits,2
bro,11
bro3,1
broadcast,1
broken,6
brom,41
bromich,1
broms,2
bromwich,4
bron,1
brondby,6
brooks,4
brooooo,1
bros,2
brother,12
brother2,1
brother3,1
brought,2
brower,1
brown,3
bruin,2
bruins,1
bruma,6
brunch,1
bruno,1
brutal,3
bruyne,2
bryan,1
bsp,1
bts,2
btwn,1
bu,1
bubble,2
buck,1
bucket,3
buckets,1
buckingham,1
buddy,1
buddyfight,1
budget,1
budweiser,2
bueno,1
buenos,1
build,9
buildup,2
bukan,1
bulbbing,2
bullied,1
bulls,11
bullsdc,3
bumper,2
bunce,66
bunch,2
bundesliga,27
bundle,2
bunny,2
buoyed,2
burki,1
burley,3
burner,1
burnley,12
burst,3
burton,3
bury,1
bus,8
businessman,1
busquets,3
busy,3
but,156
butt,2
butterfly,1
button,4
butts,1
buy,63
buying,1
buys,1
buzz,2
buzzing,1
bv23734,1
bwp,4
by,170
bye,1
byeah,1
byou,1
c,24
c170,1
ca,2
cabaye,1
caen,1
caf,4
cafu,2
cahill,8
caixinha,1
cake,1
cal,1
calapari,1
calcio,3
calculator,1
caleb,1
calendar,1
caley,1
calf,3
call,68
called,110
calling,18
calls,19
calm,1
calories,2
calpito,1
cambodia,1
cambridge,4
came,7
camera,1
cameron,1
cameroon,3
camiseta,22
camp,19
campaign,3
camps,2
can,238
cana,1
canada,10
canadian,2
canadians,1
canam,1
cancelations,1
canceled,1
cancer,119
cancer sufferer,1
candid,1
candy,5
cannot,5
canon,15
cant,36
canterbury,2
canteri,2
cantering,5
canton,1
cantona,1
canu,1
canyon,1
cap,7
capable,8
capital,8
capoue,5
cappuccino,2
caps,1
captain,25
captains,2
captures,1
car,3
carbon,1
card,13
carded,1
cardiff,2
cardio,1
cards,13
care,7
cared,1
career,26
cares,1
caricature,2
carli,2
carlisle,4
carlo,3
carlos,1
carlsberg,2
carlton,3
carnaval,2
carolina,2
carpet,1
carrasco,4
carrick,11
carroll,1
carry,2
cars,1
carslisle,1
cartilage,2
cartoon,1
case,7
casemiro,3
casertana,1
cash,2
casillas,3
casino,4
castle,3
castrol,1
cat,3
catalans,3
catalleresdecba,1
catch,11
cater,1
caterinense,2
cats,1
catspa,1
catspaw,13
cattermole,1
caught,7
cause,12
causes,2
cavan,1
cbb,2
cbc,3
cbf,4
cc,1
ccl,2
cd,1
celebrate,6
celebrating,2
celebration,33
celebrations,4
celery,2
celidor,1
cell00923356108100,5
celta,6
celtic,25
celticthey,1
centernary,2
centipede,1
central,3
centre,2
centres,1
century,1
ceo,4
ceramics,1
ceremony,2
cerro,1
certain,2
certificate,8
cesc,8
cesena,1
cf,7
cfb,1
cfc,2
cfl,2
ch,4
chairman,5
chairmen,1
challe,1
challenge,16
challenges,2
challenging,2
chalobah,3
chambo,1
champ,1
champi,5
champion,4
champions,134
championselect,2
championship,118
championships,1
champs,1
chance,49
chances,8
chang,1
change,10
changed,7
changes,16
changing,1
channel,31
channels,3
chants,7
chaos,2
chapecoense,3
chapecoensesc,1
character,1
characters,1
charge,7
charged,4
chargers,10
charges,3
charity,11
charlie,2
charlton,3
charts,1
chase,8
chased,1
chasing,3
chastain,1
chats,2
chaussure,3
chaussures,1
che,1
cheap,2
cheaper,1
cheaters,3
cheats,3
check,166
checked,1
checking,1
checkout,2
cheer,14
cheering,1
cheerleader,1
cheerleading,1
cheers,1
chelsea,494
chelseafc,17
chelseas,42
chelseatottenham,3
chelsea ,1
cheltenham,4
chesshope,1
chesterfield,5
chestnut,2
chi,1
chicago,19
chicharito,2
chicken,1
chickens,1
chief,2
chiefs,5
chiellini,1
child,12
children,16
childrens,1
childs,2
chile,7
chill,4
chillnuman,1
china,21
chinese,18
chineseamerican,1
chip,3
chips,5
chivas,1
chocolate,3
choice,3
choices,1
choke,1
chongqing,1
choose,108
choosing,1
chowed,1
chris,5
christ,1
christeenith,1
christian,9
christiano,1
chronicles,1
chu,3
chudleighs,1
church,1
chute,6
cia,1
ciento,1
cincinnati,1
circle,1
cirio,1
cisse,1
cit,1
citizens,1
city,190
cityla,4
citys,4
cjs,1
cl,1
claim,10
claimed,2
claiming,4
claims,12
clappers,1
clarified,1
clarke,2
clash,87
clashes,5
clasico,11
class,12
classes,1
classic,14
classics,2
classy,4
clattenburg,1
claude,1
clay,1
clb,1
clean,1
cleans,1
clear,6
cleared,1
clearly,4
clears,1
clear lens,1
cleat,3
cleats,65
cleatsfootball,1
cleese,1
clement,3
clemson,1
clericus,1
clermont,1
clever,1
clichy,9
click,4
clicking,1
clima,1
climacool,6
climalite,2
climax,2
climb,2
climbi,1
clinch,2
clinches,3
clinching,3
clinics,1
clint,2
clip,1
clips,3
close,15
closely,2
closer,2
closing,3
clothing,2
clu,1
club,143
clube,2
clubs,55
clung,1
clásico,1
cnn,18
cnnbrk,1
cnnheadlines,3
co,3
coach,53
coached,1
coaches,23
coaching,15
coast,4
coat,2
cobblers,1
cock,1
cockerill,2
cockroach,1
cocks,1
code,3
codes,4
coffee,4
coffees,1
coin,2
coined,1
coins,2
col,1
colchester,5
cold,1
cole,6
colin,2
collapse,4
collar,1
collect,1
collectible,1
collection,1
collector,1
college,35
collins,1
colman,1
colo,8
cologne,9
colombia,2
colonialism,1
color,3
colorado,13
colored,1
colorful,1
coloring,1
colors,3
colour,2
colourful,1
colours,1
columbia,1
columbus,19
column,8
columnist,2
com,1
coma,15
combined,1
come,22
comeasterbunnyvideocallprank,1
comeback,32
comedy,3
comentator,1
comes,7
comfifccer,1
comfortable,2
coming,8
comment,2
commentary,4
commentator,1
commentators,3
commentry,1
commercial,3
commercials,2
commerical,2
commissioner,1
common,4
commonly,1
communicate,2
communists,75
community,7
commuter,1
comot,1
companies,3
company,5
comparable,2
compare,1
compared,1
compares,4
comparing,1
comparison,1
comparisons,5
compete,3
competed,2
competing,3
competition,8
competitive,10
compilation,15
complain,2
complaints,1
complement,1
complete,24
completes,1
completo,1
complex,6
complicated,1
composure,1
compression,3
compromise,3
computer,3
concede,2
conceded,1
conceding,1
concerns,2
concert,7
concerts,1
concessions,1
conclusion,1
concussion,2
concussions,6
cond,2
condition,2
conditioned,1
conditioning,1
conducted,1
cone,1
cones,7
confe,1
confederation,2
conference,10
confidence,2
confident,9
confirm,1
confirmed,6
confirming,1
confirms,13
confuse,1
confused,5
confusing,1
confusion,2
congestion,1
congrats,3
congratulations,2
connect,2
connecting,1
conor,1
consider,3
consideration,2
considered,5
consigned,4
consisted,1
consistency,1
consistent,1
consortium,1
consumes,2
consumption,1
cont,2
contact,3
conte,77
contender,1
contenders,5
content,1
contes,12
contests,5
conti,3
continue,9
continues,5
continuing,5
contract,23
contributed,2
control,5
controlled,5
controlling,1
controls,1
controversial,10
controversy,1
conversation,1
cool,20
coolest,2
cools,2
cop,1
copa,4
cope,3
copenhagen,7
copley,1
coppa,1
cops,1
copy,1
copying,2
cordoba,1
corentin,1
cork,1
corn,1
corne,1
corner,6
cornerki,1
cornerkick,1
corners,4
cornish,1
correa,1
correct,6
correctly,1
corrigan,1
corrrrrrrr,1
corrupt,2
corruption,2
corsica,1
cos,1
cost,7
costa,31
costaneymarmaticgerrardgervinho,1
costas,3
costly,1
costs,1
cotedor,1
cotton,1
coty,1
cough,2
could,40
couldnt,4
count,1
countdown,1
counted,1
counter,1
countries,8
country,23
counts,4
county,8
coupe,1
couple,3
cour,2
course,7
court,1
courtesy,6
courtois,28
courts,3
cousin,2
cousins,1
coutinho,18
coventry,4
cover,2
coverage,4
covered,1
covers,2
coy,2
coys,1
coz,1
cr7,2
cra,1
crabrules,1
crack,5
cracking,2
cracks,2
crafts,6
craic,1
craig,3
cramped,1
cranks,2
crap,2
crash,2
crashers,3
craven,1
crawley,1
crazier,1
craziest,4
crazy,17
crazyquick,1
creat,1
create,2
creating,1
creation,1
creative,1
credit,10
credits,1
crespo,7
creteil,4
crew,18
crewe,4
crewtor,1
crewtoronto,4
cricket,8
crimsonblue,1
cringe,1
crisps,1
cristiano,38
critical,3
criticises,1
criticism,8
critics,3
croatia,1
cronaldo,2
cross,5
crossbar,2
crossroad,1
crotone,1
crowd,23
crowds,2
crowned,1
crucial,9
cruelty,1
cruising,1
crush,2
cruz,1
cruzeiro,2
crv002t,1
cry,1
cryptic,5
crystal,17
csl,1
ct,1
cte,1
cu,2
cubeball,1
cubo,1
cufflinks,1
culpable,1
culture,1
cultures,2
cup,378
cups,2
curious,1
curling,1
currency,2
current,16
currently,5
curry,2
curtin,2
custis,1
custom,1
customers,2
customised,1
customize,2
cut,5
cutest,2
cutting,3
cuz,5
cyle,2
czech,2
d,12
da,1
dab,1
dabblebet,2
dabbling,1
dad,8
dads,1
dagnall,1
daily,99
dailystarnews,1
dale,1
daley,1
dallas,114
damage,1
damaging,4
damm,1
damming,1
dammit,1
damn,8
dan,3
dance,12
dancer,1
dancing,3
dang,2
dangerous,2
dani,2
daniele,1
danielmassey,1
danish,3
danny,3
danse,1
dansk,1
dante,2
dark,3
darkest,3
darmian,6
darmstadt,3
dart,1
darts,9
das,9
dassler,1
data,9
date,16
dating,1
daughters,2
dave,5
david,46
davidson,1
davidvilla,1
dawg,1
day,54
daydreams,1
days,28
dc,7
de,40
dead,22
deadass,1
deadly,1
deadstock,2
deal,46
deall,1
deals,7
dean,1
dear,1
death,11
deaths,1
debate,1
debreceni,1
debut,2
debuts,2
dec,1
decade,3
decal,12
decals,4
december,2
decide,6
decided,1
deciding,2
decision,5
decisions,2
deck,1
declared,6
decline,1
declining,1
deco,1
decor,5
decrease,1
dedicated,1
dedicates,6
dedicating,1
deep,2
deeply,2
def,2
defeat,40
defeated,13
defeats,1
defence,9
defend,5
defender,23
defenders,7
defending,2
defends,3
defense,2
defensive,4
defiant,1
deficit,1
definetly,1
defining,2
definitely,4
defy,1
degerfors,1
dei,1
delay,1
delayed,4
dele,11
deleting,2
delight,4
delighted,4
delights,3
deliver,3
delivered,3
delivers,6
della,4
demand,3
demands,1
dembele,3
demetriou,1
democratic,1
demographics,1
dempsey,2
den,1
dena,1
denied,2
denies,8
denim,3
denise,1
denmark,2
dented,2
dents,1
deny,4
departing,2
department,1
departure,1
depay,2
dependent,1
depending,1
depends,1
deposit,1
derby,29
desailly,2
desert,1
deserve,4
deserved,6
deserves,9
design,3
designate,1
desire,2
desk,1
despite,17
destination,1
destined,1
detail,1
detailed,1
details,16
detebtion,1
determined,4
detroit,1
deuce,1
deulofeu,2
deutschland,2
devaney,1
devastated,2
develop,3
developing,1
development,5
device,5
devils,3
devlin,4
devon,1
devontae,1
dewey,2
dfbpokal,1
dhabi,1
di,9
diadora,1
diagnosed,1
diagram,26
diary,1
diaz,1
dictionary,3
did,22
didier,25
didnt,10
die,3
died,1
diego,34
diehard,1
dier,1
dies,15
diff,1
differen,1
difference,16
differences,1
different,10
differential,1
differently,1
differentwhats,1
difficult,5
digest,3
digital,3
digs,2
dijk,2
dijon,3
dilemma,1
dillon,1
dimensions,4
dimitar,3
dimples,1
dino,1
diolch,1
direct,5
directly,1
director,13
directory,1
diretta,1
dirtiest,1
disagree,1
disappointed,4
disappointing,1
disappointment,2
disaster,7
disaster96,1
disastrous,4
disbanded,1
disc,1
discord,1
discount,1
discourse,1
discover,1
discrimination,1
discs,3
discuss,11
discusses,3
discussing,2
discussion,11
disgrace,3
disgraceshame,1
disgust,3
disgusting,4
disjointed,1
dislike,1
dislocated,1
dismissive,1
disneyland,1
disorder,2
display,7
disrespect,1
disruption,1
distance,3
distracted,1
distraction,2
district,2
districtsaturdayleague,1
disturbances,2
ditch,2
div,1
diva,1
dive,4
divers,3
diversified,1
dives,1
diving,1
division,4
divisjon,2
dixon,2
diy,2
dizzbee,3
dj,8
djing,1
dm,2
dna,4
do,170
dobbs,1
dobie,2
doctor,3
doctors,1
documentary,4
dodge,2
dodgeball,1
dodgy,1
does,21
doesnt,18
dog,9
dogfight,1
dogs,1
doha,1
doing,10
dom,1
dominant,4
dominating,1
dominic,1
don,3
donapost,1
donation,5
donations,1
donbcaster,1
donca,1
doncaster,72
doncasters,1
done,16
donnarumma,2
donny,5
donovan,5
dons,3
dont,94
dope,5
doping,1
dork,1
dortmund,64
dortmunds,1
dos,3
double,18
doubled,1
doubleheader,1
doubles,3
doubt,3
doubted,3
doubtedwe,1
doubtful,2
doubts,9
dour,1
down,32
downfall,2
download,11
downs,2
doyle,1
dr,4
draft,1
drafted,2
dragging,1
drago,1
dragon,1
dragonfable,1
drain,1
drake,3
drakemoon,1
dramaceramics,1
dramatic,5
draw,42
drawing,7
drawn,1
draws,3
drawstring,1
draxler,3
dream,6
dreamers,1
dreams,11
dress,2
dressing,3
drew,3
dri,7
dribble,1
dribbles,1
dried,2
drifit,7
drill,3
drillattacking,1
drills,13
drink,1
drinks,1
drive,1
drog,1
drogba,25
drogbaaposs,1
drogbas,2
drop,11
dropped,5
dropping,1
drops,7
drought,6
drove,1
drug,1
drugs,2
dry,2
ds,1
dsnt,1
du,3
dual,3
dualaction,1
dubai,1
duchy,1
duckcraftquickiessoccer,2
ducks,2
dude,2
dudes,1
due,11
duffel,2
duffy,2
dumb,7
dumbarton,1
dumbest,1
dundee,4
dunfermline,1
dunks,2
dunno,1
duo,9
durable,3
durham,68
durhams,4
duri,1
during,48
dusan,2
dusted,1
dutchman,1
duty,1
dwyer,4
dybala,25
dyche,2
dying,1
dynamo,8
dynamomin,1
dynamominnesota,5
dynamos,2
e,26
each,16
eager,1
eagles,10
ear,1
earhook,1
earlier,2
early,12
earn,2
earned,1
earning,1
earns,4
earphone,1
earth,4
earthquake,2
earthquakes,8
earthquakesdal,1
earthquakesfc,3
ease,1
easier,5
easily,3
east,2
easter,42
easterif,1
eastern,2
easy,14
eat,2
eau,7
ebay,7
ebbsfleet,1
ebere,1
ec,1
ecuador,5
ed,1
eddie,1
eddy,1
eden,57
edge,14
edges,2
edinburgh,5
editable,1
edition,7
editions,1
editorial,1
edits,1
edmilson,2
edt,9
education,1
edwards,1
eeeeeasy,1
eeeww,1
ef,2
eff,3
effects,3
effort,4
efl,12
eg,1
egg,2
eggcellent,1
eggs,1
egos,1
egyptian,6
eh,2
eht,1
eibar,1
eight,1
eightman,1
either,2
el,8
elastico,1
elated,1
elbow,1
elclassico,1
election,5
electric,2
electronic,1
elements,1
elephant,1
eleven,2
eligibility,4
eliminate,1
eliminated,1
elis,1
elite,10
else,7
elves,1
emagazine,1
email,2
embarrassing,2
emblem,1
embroidered,1
emergence,1
emery,9
emi,1
emile,2
emirates,2
emoji,4
emojiyou,1
emotional,5
emotionally,1
empire,1
employees,1
empoli,2
emre,1
emulate,4
enable,1
enabled,1
enca,1
encounter,1
encourage,1
end,44
ended,2
ending,6
endorse,1
ends,8
endurance,2
energy,2
enfield,1
eng,2
engels,2
engines,1
england,44
englandeurope,1
englands,2
english,74
englisheuropean,1
englishman,65
englishspanish,1
enhance,1
enhanced,4
enhancement,4
enjoy,15
enjoying,6
enjoyment,1
enlisted,1
enough,10
enquiries,1
enrique,12
ensure,4
ensures,3
enter,5
entertaining,1
entertainment,1
enthusiasm,1
enthusiast,1
entire,3
entirely,1
envy,3
enyeama,2
eod,1
ep,4
epe,2
epic,7
episode,3
epl,18
epls,1
eps10,1
epxlian,1
equal,7
equaliser,8
equality,1
equalizer,1
equates,1
equipment,2
equivalent,2
era,25
erdogans,1
eredivisie,1
eric,1
erica,1
eriksen,2
ernesto,3
error,1
errorprone,1
errr,2
escape,1
escort,1
espaina,1
especially,1
espn,4
esporte,2
esports,5
essence,2
esseneto,1
essien,3
est,19
established,2
et,4
etc,36
etcturning,1
ethan,1
ethics,1
etihad,1
etoo,1
etown,1
euc,3
eur,4
euro,11
europa,13
europe,16
european,30
europeanfootball,1
europeans,3
europes,3
euros,4
eurosceo,1
eurosport,3
eve,1
even,31
event,7
events,1
eventually,2
ever,47
everbright,1
evergrande,1
everton,62
evertons,4
every,54
everybody,4
everyday,22
everyone,16
everyonemay,1
everyones,1
everything,25
everywhere,1
evidence,1
eviscerates,1
evolution,7
evopower,1
evospeed,1
evotouch,1
ex,5
exactly,5
example,2
exarsenal,1
exasperated,4
excel,1
excelled,1
excellence,2
excellent,13
except,6
exceptional,1
excess,1
excited,4
exciting,10
exclusive,2
excuse,1
excuses,1
exercise,3
exercises,1
exeter,2
exhaust,1
exhausted,1
exhibitionism,1
exist,2
existed,1
exit,18
exiting,1
exjuventus,2
exlcusive,1
exmtsu,1
expand,1
expands,1
expansion,2
expect,6
expects,4
expensive,2
experience,7
experienced,2
experiments,1
expert,1
explain,4
explained,3
explains,2
exploding,1
explore,1
explosion,1
explosives,2
exporters,5
exposure,1
express,2
expressing,4
exquisite,1
exsas,1
exsoccer,1
ext,6
extend,6
extension,4
extensively,1
extinct,1
extra,5
extraordinary,3
extreme,1
extremes,1
extrondinary,1
eye,11
eyeing,6
eyepopping,1
eyes,17
eyeshield,1
eyewear,1
ez,1
ezhai,1
f,18
f1,2
f2,1
f32559,1
f5,1
f50,1
fa,11
faal,1
fab,1
fabinhos,1
fabio,1
fabregas,6
fabulous,2
face,36
facebook,13
faced,1
faces,7
facilities,2
facility,2
facing,1
fact,8
facto,1
factor,5
facts,6
fahmis,1
fahrmann,2
fai,4
fail,10
failed,27
failing,1
failings,3
fails,119
failstricks,1
fair,5
fairdisgrace,2
fairy,5
fairytale,2
faith,3
fake,4
falcao,6
falcaos,1
falcons,1
falkenbergs,1
falkirk,3
fall,7
falls,4
false,2
falter,2
fam,2
families,8
family,11
famous,5
fan,98
fanatic,5
fancy,1
fandom,1
fans,246
fantastic,10
fantasy,11
fanzmcfc,2
fanzmufc,2
fan colgante,1
far,17
farcical,4
fare,1
farewell,1
farrell,1
farright,1
fas,5
fascinating,1
fashion,3
fast,19
faster,1
fastest,10
fastfold,2
fat,1
fatal,4
father,5
fatigue,4
fault,1
faux,1
fav,4
favor,1
favorite,12
favorites,3
favors,1
favourable,2
favourite,9
favourites,3
fazes,1
fb,1
fbm9017,1
fc,292
fcb,15
fcbescola,1
fcfew,1
fcs,4
fe,1
fear,1
feared,1
fearful,8
fears,6
feasibility,1
feature,3
features,2
featuring,2
fecking,1
fed,4
federation,23
federations,1
fee,2
feeble,1
feedback,1
feel,6
feeling,3
feels,4
feet,12
fef,1
feilhaber,1
fellow,4
felt,2
female,5
fence,24
ferdinand,4
ferguson,3
fergusonworlds,1
fernandez,1
fernando,4
ferrari,1
festival,2
feud,2
few,5
fewer,1
feyenoord,1
ff,1
ffa,2
ffas,1
fff,2
ffs,3
fg,31
fgag,1
fh,2
fiber,3
fibre,1
fics,1
fiel,1
field,47
fields,4
fiesta,2
fifa,113
fifties,1
figc,1
fight,20
fighties,1
fighting,12
fights,2
figure,3
figured,2
figures,1
fila,2
filipe,2
filipino,1
filled,1
filmed,4
filmits,1
filmmakers,1
final,37
finale,2
finally,19
finals,4
finalstennis,1
finaly,1
financial,1
finchley,1
find,15
finds,2
fine,6
fined,2
fines,1
finger,8
fingertips,1
finish,12
finished,1
finisher,1
finishing,2
finland,1
finlay,1
fiorentina,3
fire,17
firene,1
firenew,3
fires,3
firesidehome,1
fireworks,1
firm,3
firmino,9
firminos,1
first,62
firstdivision,1
firstrowsports,1
firstteam,1
fishing,1
fit,16
fitfootball,4
fitness,7
fits,2
five,11
fives,1
fivestep,3
fiveyearold,119
fix,1
fixed,1
fixture,1
fixtures,48
fjbs,1
fk,2
fkn,1
fl,1
flag,15
flags,1
flamengo,3
flashback,1
flat,3
flee,2
fleetwood,7
flex,1
flexible,3
flick,2
fliers,1
flight,5
floor,3
florence,2
flourish,1
flow,3
flowing,1
flows,1
fluke,1
flushing,1
flutes,1
fly,4
flying,3
flyknit,2
fm,1
fm17,1
fo,2
foam,1
focus,6
focused,12
focussed,3
fofana,2
foiled,1
fol,1
folding,1
follow,26
followed,4
followers,6
followin,1
following,18
follows,1
font,2
foo,4
food,1
fools,4
foosball,2
foot,22
footb,4
footba,4
footbal,3
football,3052
football10,1
football55,1
footballamerican,1
footballampsoccer,1
footballand,1
footballbaseball,1
footballbasketball,2
footballbasketballbaseball,1
footballbotde,2
footballdef,1
footballer,7
footballers,2
footballersto,1
footballfact247,1
footballfor,5
footballfriday,1
footballfutbolsoccer,1
footballgame,1
footballgtamerican,1
footballgtbasketballgthockeygtbaseballgtsoccer,1
footballgtgt,1
footballgtsoccergthockey,1
footballhockey,1
footballi,1
footballing,1
footballnot,1
footballor,1
footballs,38
footballskills98,1
footballsocc,1
footballsoccer,145
footballsoccerbball,1
footballsoccermaybe,1
footballsoccerultimate,1
footballsoccervolleyball,1
footballsocceryou,1
footballsupportersfs,1
footballthen,1
footballthis,1
footballtrack,1
footballwit,5
football boots,1
football pendant,1
football vines,1
footscape,1
footwork,2
footy,12
footyroom,1
for,990
foran,1
forbes,1
force,4
forced,3
fore,4
forecast,2
forecasts,10
forest,4
forestieri,1
forever,1
forget,17
forgets,1
forgot,2
forgotten,3
form,6
format,3
formation,13
formed,1
former,27
formidable,2
formotion,2
fort,3
forum,1
forward,10
forwards,2
forza,3
fotmob,1
fought,1
foul,3
found,5
foundations,2
founded,2
four,25
fourth,9
fowler,4
fox,4
foxes,5
fpf,1
fpl,1
fr,2
fractured,4
frame,1
framed,2
france,26
frances,1
francesco,1
franchi,2
franchise,2
franck,5
frank,5
frankfurt,1
franz,1
fraternity,2
frazier,1
freak,2
fred,3
freddie,1
fredy,4
free,184
freedom,1
freekick,3
freekickerz,1
freestyle,9
freestylers,1
freetoair,1
free game,1
french,19
frenzy,1
frequent,2
frequently,1
fresh,15
fri,1
friday,22
fridays,6
friend,8
friendlies,2
friendly,5
friends,10
friendship,2
friendships,3
frienship,1
fries,1
frisbee,4
frm,1
from,458
front,7
frontman,1
frontthree,2
fruit,2
frustrated,5
frustrates,1
frustrating,1
fs,1
fs2,1
fsc,1
fsl2,1
fssw,1
ft,10
ftchamps,1
fu,2
fucc,1
fuchs,1
fuck,14
fucking,3
fucks,1
fudbol,1
fuel,1
fuleco,1
fulgur,1
fulham,7
full,23
fullback,2
fully,2
fumes,1
fun,30
fund,2
fundraiser,1
funeral,1
funniest,3
funny,102
furious,5
furon,2
fury,2
fusion,1
fuss,1
fussballwoerterbuch,1
futball,1
futbol,46
futbolas,1
futbols,1
futsal,3
future,48
futures,2
fwd,10
fx,1
fédération,1
fútbol,1
g,6
g40344,1
g8,1
ga,5
gaa,24
gab,1
gabe,3
gadgets,3
gael,2
gaelic,4
gaetan,1
gain,1
gains,1
gala,2
galatasaray,4
galaxy,31
gallery,1
galore,2
galway,1
gam,1
gamaliel,1
gamble,2
gambling,3
game,286
gameplay,2
gameplease,1
games,54
gamessoccer,1
gametimegymfree,1
gameweek,5
gan,1
gangnam,2
gangs,2
gap,5
garden,4
gardendale,1
gareth,4
garner,1
garnier,2
garrett,1
garrick,1
garths,1
gary,16
gascoigne,2
gate,1
gather,3
gathering,1
gave,1
gay,1
gazzas,1
gb,1
ge,1
gea,11
gear,3
gears,2
geeing,2
gem,1
general,8
generation,1
generic,1
generosity,1
genesio,2
genio,8
genius,3
geniuses,1
geniusin,1
genoa,1
gentlemans,1
gentlemen,2
genuine,13
geoffrey,1
georges,1
gerard,6
germain,1
german,15
germany,25
germanys,2
gerrard,5
gestifute,3
get,157
gets,21
gettin,1
getting,17
gfco,1
gianfranco,5
gianluigi,2
giant,2
giants,2
gibson,5
gif,16
gifsarethenewtalking,3
gift,9
gigantic,1
giggs,6
gijon,14
gijón,1
gillette,4
gillingham,3
gills,2
gilmour,2
gip,1
giphy,5
giri,1
girl,5
girls,21
giroud,3
github,2
giuseppe,2
give,34
given,5
gives,11
giving,7
gk,5
glad,5
glanville,1
glasgow,3
glass,9
glasses,1
glasshoughton,1
glassware,1
gleason,1
glen,1
glentoran,1
global,4
globalist,1
globe,1
gloom,1
glorious,1
glory,10
glossary,1
gloves,4
gmt,1
go,143
goal,149
goalcrazy,2
goalie,8
goalkeeper,24
goalkeepers,1
goalless,2
goals,201
goalscorers,2
goat,4
god,8
goddamnit,1
godin,6
gods,3
goepfert,1
goes,5
goggles,4
goi,1
goias,2
going,25
goingother,1
gol,30
gola,1
golazo,29
golazos,1
gold,11
golden,7
golf,31
gom,2
gomes,4
gomez,4
gomis,1
gona,1
gone,5
gonna,7
gonzalez,1
goo,1
good,86
goodison,9
goodluck,1
goods,5
google,5
goooal,21
gorgeous,2
gorilla,1
gosh,3
gossip,16
gostei,1
got,32
gotta,6
governan,1
gps,9
grab,4
grabs,1
grade,1
gradel,1
graduate,1
graffiti,2
graft,6
granada,8
grand,2
grande,1
grandma,1
grandmothers,1
grandson,1
grandview,1
graphic,3
graphics,1
grasp,1
grass,3
grassroots,1
grateful,4
gravitating,1
graviton,1
gray,6
grayson,1
great,54
greater,4
greatest,11
greats,17
greatstory,1
grecian,1
grecians,1
greece,3
greek,4
green,17
greenlime,1
greensboro,1
grega,1
grenoble,1
grey,1
grid,1
grief,1
grievance,1
grieving,1
griezmann,22
grim,1
grimsby,3
grind,1
groin,4
groningen,1
ground,3
grounds,4
group,56
groupies,1
grow,4
growing,5
grown,3
grows,1
growth,2
gsbeach,1
gspro,1
gt,56
gtgt,11
gtgtgt,1
gtgtgtgt,1
gtgtgtgtenjoy,1
guangzhou,1
guarantee,2
guaranteed,2
guarantees,2
guard,2
guardian,11
guardiansport,2
guardiola,22
guardiolas,1
guards,2
gud,1
guess,6
guessed,1
guessing,1
guessouma,2
guest,1
guests,5
gueye,1
guide,7
guided,1
guilty,1
guizhou,1
gullit,2
gun,1
gunners,4
gunning,6
gurus,1
gustado,2
gustavo,1
gustó,2
guy,8
guys,14
gym,3
gymnastics,7
gymnastics23,1
h,9
ha,2
haag,1
habits,4
hack,3
hacken,1
had,29
hadnt,1
haha,5
hahaha,2
hahahaha,1
hahahahha,1
hai,2
haiderryry,1
hail,4
hails,12
hair,2
hairstons,1
haiti,3
hajduk,1
haley,1
half,14
halfchance,1
halftime,6
halfvolley,1
halls,1
hallway,1
halt,12
halts,6
halves,1
ham,14
hamburg,2
hamids,1
hamilton,1
hams,1
hamsik,3
hamstring,2
hand,6
handb,1
handbags,1
handball,13
handed,3
handegg,3
handily,1
handle,6
handmade,3
handpainted,1
hands,6
handy,1
hanging,1
hanoi,1
hanson,1
hapless,3
happen,7
happend,1
happened,2
happening,1
happens,11
happily,1
happy,23
harbour,1
hard,26
hardback,1
hardcore,1
hardest,6
hardfought,1
hardly,2
hardworking,2
hargreaves,1
harrisburg,1
harrison,7
harry,22
hart,17
hartlepool,37
hartley,1
harts,2
has,179
hash,2
hashtags,1
hasnt,2
hat,12
hate,14
hated,1
hates,1
hattrick,7
haugesund,1
haul,1
haunts,1
have,216
havent,4
having,15
havoc,1
hawthorns,3
hazard,107
hazardjohn,1
hazards,2
hbo,1
hby,1
hd,14
hd1,2
hd2,1
he,130
head,16
headache,1
headed,1
header,7
headimpact,2
headline,2
heads,38
headsetmonaural,1
heal,1
health,2
healthy,2
healy,1
heap,1
hear,10
heard,3
hearing,2
hearn,1
heart,2
heartbeat,2
hearts,3
heartwarming,1
heat,5
heathens,1
heather,2
heathered,1
heavens,1
heavily,1
heavy,1
heck,1
hectic,1
hed,4
hedman,1
hefty,1
height,7
held,9
helen,1
helicopter,1
hell,11
hella,1
hello,1
helm,1
helmet,1
help,84
helped,6
helping,4
helps,15
henderson,3
hengfeng,1
henriquez,6
henry,21
henrys,3
hepple,2
her,5
heracles,2
herald,4
herbalife,2
herc,2
herculez,6
here,100
heregt,3
heres,4
heresy,1
heritage,2
hernan,1
hernandez,2
hero,2
heroes,4
heroics,4
herrera,24
herreras,1
hertha,1
herzog,1
hes,27
heskey,2
heungmin,1
hey,3
hg,2
hi,4
hibernian,1
hibs,1
hicut,1
hide,1
high,26
higher,2
highest,3
highfliers,2
highland,1
highlevel,2
highlights,33
highly,1
highschool,2
highvalue,1
higuain,7
hiking,3
hilarious,2
hill,3
hills,1
hillsborough,18
him,31
himself,2
hindrance,1
hindu,1
hinge,1
hint,6
hinting,3
hints,20
hired,3
hiring,1
his,125
historian,1
historians,1
historical,1
history,40
hit,9
hits,5
hixson,1
hline,1
hm,3
hml,1
hmm,1
ho,4
hobbie,1
hobbies,1
hockey,79
hoddle,2
hof,1
hojbjerg,1
holand,1
hold,11
holder,1
holding,2
holds,3
hole,1
holiday,6
holland,2
hollar,1
holtby,1
holy,2
homcom,1
home,144
homeboy,1
homeland,1
homeless,1
homepage,1
homes,1
homework,2
homie,1
homme,1
homophobia,1
honest,4
honestly,5
hong,1
honour,2
honouring,1
hooddeal,1
hoodie,1
hooijdonk,2
hooligan,1
hooliganism,2
hooligans,5
hoopin,1
hoopla,1
hoops,2
hooray,1
hoosi,1
hop,1
hope,19
hopeful,7
hopes,24
hoping,15
horizon,2
hornets,1
horrendous,2
horse,2
horsemanship,2
horses,1
hospital,5
hospitals,1
host,3
hostage,1
hosting,2
hosts,7
hot,11
hotel,5
hots,2
hotseat,1
hotspur,9
hotstreak,3
hotting,1
hou,2
hour,2
hours,9
house,13
houston,25
houstons,1
hove,29
how,219
howard,19
howards,1
howe,2
however,2
howler,1
hows,1
hpc,2
hpl,1
hq,1
hr,1
hs,2
hsn,1
ht,3
huddersfield,6
hudson,2
huge,14
hughes,2
hughton,4
huhuhuhu,1
hulk,2
hull,10
human,1
humanity,1
humans,1
humble,1
humbling,2
humidity,1
humiliating,1
humiliation,1
hummels,3
hungary,1
hunger,1
hungry,3
hunt,2
hunting,2
hurled,3
hurling,2
hurlingladies,1
hurray,1
hurt,5
husband,1
hyderabad,1
hydra,1
hydrated,2
hyka,1
hyndman,1
hype,2
hypergolf,1
hypervenom,2
hypervenom phantom 3,1
hypervenon,1
hypixel,2
i,534
i9,1
ian,6
ibehre,1
ibrahimovic,36
ibrahimovich,1
ibrox,2
ice,10
iceland,1
iceman,1
ices,3
ich,4
iconic,3
icons,3
icreate,2
icymi,3
id,11
idea,3
ideag,1
ideas,3
identified,1
identifies,2
identity,1
idiot,2
idiots,2
idk,4
if,121
ig,1
ighalo,1
ignited,1
ignorant,1
igoal,1
iheanachos,1
ii,6
iii,2
iiis,1
iirc,1
iits,1
ileague,1
ill,4
illegal,1
illfated,1
illnesses,2
illuminated,2
illuminati,1
illusion,2
illustrated,49
illustration,1
ilves,1
im,63
ima,1
image,1
images,2
imagine,3
immediately,1
immense,2
immigration,1
imo,1
impact,11
impactatlanta,3
impactresistant,2
impacts,3
implement,1
implemented,1
implores,3
importance,1
important,17
impossible,4
impress,3
impressed,2
impresses,3
impressive,2
impro,1
improve,14
improvement,4
improves,2
improving,2
in,980
inappropriate,1
inaugurated,1
inch,1
inches,1
inchperfect,1
incident,6
include,3
including,13
income,1
inconsistent,2
increase,8
increasingly,1
incredible,10
incyte,1
independenceauthenticity,1
india,1
indian,4
indians,1
indiscretions,1
individual,4
indo,1
indonesia,2
indonesian,1
indoor,16
industry,2
indycar,1
ineptit,1
inequality,2
inernational,1
inexperienced,1
inferior,1
inflatable,1
inflated,1
inflict,3
influx,2
info,9
infocom,1
infogram,43
infographics,1
information,18
informed,7
informs,1
infra,1
ini,2
iniesta,4
iniestas,3
initiation,1
injured,4
injures,2
injuries,27
injury,27
injuryplagued,1
injurytime,5
ink,1
innings,2
inplay,4
input,1
ins,2
insane,1
inside,7
insigne,6
insisted,1
insists,20
inspiration,1
inspire,4
inspired,2
inspires,2
instagram,6
install,4
instant,1
instead,13
instinct,5
institutional,1
instore,1
instructions,2
instructor,1
insulated,1
insulting,1
int,1
integrity,1
intelligence,5
intense,1
intensity,2
intent,2
intention,3
inter,37
interaction,2
interbank,1
interest,11
interested,5
interesting,13
interim,1
interlines,1
internal,2
international,27
internationals,1
internazionale,5
internet,2
interview,10
interviewer,1
interviews,5
interviewsvancouver,1
intie,1
intimately,3
intl,1
into,45
intramural,1
introduced,1
introducing,4
introduction,2
invade,3
invasion,2
invented,2
inverness,2
inverse,1
invest,1
invested,1
investigate,4
investigation,3
investment,1
investor,1
investors,4
invite,1
invitee,1
invites,1
involved,9
in argentina,1
ios,4
ipad,4
ipswich,5
iraq,1
ireland,7
irishmirrorie,4
irl,10
iron,4
ironsewon,1
irony,1
irregular,2
irwin,1
is,647
isaiah,1
isco,41
ision,1
isis,1
isitfootballorisitsoccer,1
islamic,3
islamist,4
islamists,1
island,1
islandgreat,1
isnt,18
iso,15
israels,1
iss,1
issue,8
issues,5
is wrong,1
it,258
it10,1
italia,3
italian,11
italy,18
italys,1
ite,1
item,1
items,1
its,179
itsa,2
itsits,1
itunes,1
iuhan,1
iv,5
ivan,1
ive,26
ives,3
iwhwhw,1
iwinsoccerbets,1
j,2
j176,1
j31,1
ja,1
jack,16
jacket,24
jacksonhamels,1
jacmel,1
jagielka,2
jahanbakhsh,1
jail,1
jake,1
jakes,1
jako,1
jalisco,1
jamaica,1
james,76
jamesand,1
jamie,4
jan,2
janerinha,1
january,2
japan,12
japanese,5
jardim,4
javier,5
jaw,1
jawara,1
jazira,5
jazz,1
jc,1
je,1
jebor,1
jeff,23
jeffs,26
jenas,1
jeon,1
jerse,1
jersey,246
jerseynew,1
jerseys,13
jerseys2018,1
jerseyswholesale,1
jerseysz,1
jerusalem,1
jesey,1
jesse,7
jesus,3
jets,4
jevon,1
jewelr,1
jimin,1
jimmy,1
jinxing,1
jinyoung,1
jiri,1
jirings,1
jk,2
jleague,5
jleagues,1
jmu,1
jo,1
job,17
jock,1
joe,25
joel,1
joeyx070,1
jogger,1
joh,1
johan,1
john,56
johnson,10
johnstone,1
join,48
joined,11
joining,2
joins,3
jointly,1
jon,1
jones,9
jonevret,7
joor,1
jordan,3
jorge,2
jornada,1
jose,133
josh,1
joshua,2
josé,3
journal,103
journalist,3
journalists,9
journey,6
joust,1
joy,1
jr,2
jrssoccer,1
json,2
jsy,55
jt,1
ju,1
juan,5
jubilant,2
judados,1
judas,3
jude,1
judge,3
judo,2
juggle,7
juggling,2
jukes,2
jules,4
julian,2
july,2
jumped,2
jumper,5
june,2
junior,4
juniors,1
jurgen,16
just,99
justice,1
justified,3
justin,5
juve,11
juventus,81
juves,1
jv,2
k,3
kahn,1
kairo,1
kaizer,2
kaka,2
kalba,3
kalidou,2
kamara,3
kandjsksjdn,1
kane,20
kansas,8
kante,20
kantes,2
kappa,2
kaptiva,1
karim,4
kassai,1
kayole,3
kazan,1
kc,9
kcca,1
kcs,1
kdurguti,1
ke,1
keane,2
kearns,1
kedah,3
keen,3
keep,46
keeper,12
keeping,2
keeps,10
kei,1
keith,1
kelechi,1
kelly,4
kellyn,1
kellys,1
kelvin,9
kendal,1
kenwyne,1
kenya,5
kenyan,3
kenyatta,1
keown,2
kept,4
kessie,5
keswick,2
kev,1
kevin,3
kewell,1
key,13
keyboard,1
keychain,2
khilafatgreat,1
khiry,1
khumalo,1
ki,1
kick,40
kickass,3
kickball,3
kickballsoccer,1
kicked,4
kicker,2
kickers,1
kicking,6
kickoff,16
kicks,7
kickstar,1
kickthrow,1
kid,10
kidding,1
kiddos,1
kids,47
kieran,2
kill,3
killed,6
killer,1
killing,4
kills,1
kilmarnock,2
kind,9
kinda,3
kinds,1
kinetic,5
king,2
kingdom,1
kings,2
kingsley,3
kingsmeadow,1
kini,1
kink,1
kishna,2
kit,8
kitchen,1
kits,1
kiwi,1
kkk,1
klaassen,2
klinsmann,3
klitschko,2
klopp,28
klopps,3
km,1
kn,3
kne,6
knee,23
kneeslide,1
knew,4
knife,1
knifes,1
knock,6
knockaert,2
knocked,1
knockout,7
know,83
knowand,1
knowing,1
knowledge,2
known,9
knows,2
knuckle,2
knuckleball,1
knvb,1
ko,1
koala,1
kodak,1
koeman,7
kolasinac,15
kolašinac,1
kolo,13
kompany,18
konami,2
kongraised,1
kop,4
korea,3
koreajapan,2
korean,1
koscielny,2
kotse,1
koulibaly,2
kpmg,1
krasnodar,1
kris,2
krista,1
kroenkes,1
kroos,4
ksu,1
ktfc,1
kubo,2
kurabare,3
kutabare,3
kutti,1
kuwas,1
kvitova,1
kyle,3
kylian,1
l,99
l1,3
l2,2
la,50
labels,3
lacazette,4
lace,1
lack,3
lacked,4
laco,1
lacrosse,12
lacrossesoccer,1
ladbrokes,25
ladder,2
ladies,2
laduma,1
lady,1
lager,2
lagoondark,1
lahm,4
laings,1
lake,13
laliga,2
lallana,2
lallas,2
lamar,1
lame,1
laments,1
lames,1
lamp,2
lampard,9
lan,1
land,2
landmark,2
landon,1
lands,3
lane,2
langgggg,1
language,2
lapangan,1
lapel,1
laramie,1
large,42
largest,3
larin,3
larins,2
larry,1
las,2
laser,1
last,38
lastgasp,2
lasting,1
lastminute,1
late,29
later,3
latest,224
latinasian,1
lauded,2
lauds,4
laugh,2
laughing,1
launch,1
law,1
lawn,1
lawro,1
laws,2
lax,1
layer,1
laying,1
laziest,1
lazio,2
lazy,1
lb,3
le,3
lea,1
lead,14
leader,3
leaders,7
leadertry,1
leading,11
leads,12
leadue,1
leadup,2
leafs,1
league,538
leagues,9
leak,2
lean,1
leap,1
leaping,1
learn,20
learne,1
learned,6
learning,2
learnt,3
least,10
leather,9
leav,1
leave,58
leaves,10
leaving,8
leben,5
lech,1
led,5
lee,4
leeds,14
lefevre,1
left,15
leftback,1
lefty,2
leg,14
lega,1
legacy,1
legalities,1
legea,1
legend,46
legendary,5
legends,8
legge,1
legit,1
lego,1
legs,2
leicester,77
leicesters,6
leipzigesque,1
leitrim,2
leiva,4
lemmens,1
length,2
lennon,5
lensnever,1
leoci,1
leon,3
leopardbut,1
less,6
lesson,1
lessons,2
let,5
letham,2
lets,32
letters,5
level,19
levelheaded,1
leveller,2
levels,2
leverkusen,3
lewandowski,15
lewis,1
lewy,1
leyton,7
lfc,14
lfp,2
lg,1
li,3
liam,1
liberia,1
libertadores,2
liberty,1
library,3
libs,1
licence,1
licensed,4
lie,3
lifan,1
life,29
lifeline,1
lifes,1
lifetime,2
lift,4
lifts,2
liga,29
ligas,1
light,7
lighter,1
lightweight,2
ligue,11
like,157
likeable,11
liked,51
likelihood,1
likely,5
likes,10
likey,1
liking,1
lillestroem,1
lilsnafu,1
lima,1
limited,1
limiteds,1
lincoln,1
line,10
lined,1
lines,1
lineswoman,1
lineup,73
lingard,6
lingers,1
link,14
linked,9
linkgtgt,4
linkhart,1
linking,5
links,3
lionel,12
lippi,3
list,5
listen,4
listing,1
listings,1
lisztes,1
lit,1
lite,1
litecool,1
literally,4
little,9
littlewithpower,1
live,197
live2all,1
livechelsea,1
lived,1
livepremier,1
liverpool,145
liverpoolfc,4
liverpools,3
lives,1
livescores,2
livin,1
living,1
llorente,2
lloris,1
lloyd,2
lmao,8
lmaooo,1
lnorgenff,1
lo,2
loads,4
loan,6
loanee,2
lob,2
lobby,1
lobs,1
local,20
locals,1
location,4
lock,1
loft,1
logo,11
logos,3
lol,23
lollipop,1
lolwtf,1
london,5
lone,1
long,40
longawaited,1
longdis,1
longdistance,1
longer,6
longest,6
longestever,4
longrange,2
look,62
looked,2
looking,14
looks,5
loom,1
looming,1
loons,1
loool,1
loop,1
loose,1
lord,1
lorend,1
lorenzo,6
lorient,1
lorik,1
los,6
lose,17
losers,1
loses,1
losing,6
loss,18
losses,1
lost,6
lot,12
lots,4
loud,2
louie,1
louis,2
louisville,1
lounge,1
love,92
loved,1
lovely,1
lovers,7
loves,22
lovesportsbag,1
loving,6
low,3
lower,1
lows,1
ls,6
lt,3
lt3,3
ltatw,1
lucas,10
luciano,1
luck,3
lucky,4
ludden,1
luis,14
luiz,9
lukaku,19
luke,1
lumezzane,1
lunc,1
lunchboxes,1
lusitanos,4
lusk,2
luton,2
luxury,1
lv2,1
lx24,1
ly,1
lying,1
lynch,1
lyon,33
lyonnais,1
lyons,1
lyrical,1
lz,1
l fails,1
lúcio,2
m,48
ma,2
mac,2
maceratese,1
machnik,3
machos,2
mackenzie,11
mackenzies,2
mad,3
madden,1
made,19
madison,1
madley,1
madness,1
madonnina,2
madrid,253
madridbayern,1
madridchampions,1
madrideden,1
madrids,12
maduro,1
mag,4
mag55,1
magazine,2
magazines,2
magic,6
magical,6
magista,16
maglia,9
magnetism,1
magnificent,3
magpies,1
mail,1
maillot,7
main,6
mainly,3
mainstream,2
maintain,2
mainz,2
majestic,2
major,52
mak,1
make,100
makerere,1
makes,28
makhubedu,1
making,9
mal,1
malaga,1
malawi,1
malaysia,2
malaysian,1
malcom,2
malcuit,2
mallorca,1
malmilian,1
mamadou,3
mamic,1
man,188
manage,1
management,28
manager,123
managerial,3
managers,5
managing,1
manches,1
manchester,310
mane,2
mango,1
manhe,1
mania,2
manly,1
manmarkers,2
manotas,2
manqoba,1
manquillo,1
manrip,1
mansfield,2
mantle,3
mantra,1
manu,4
manufacturers,5
manuzzi,1
many,13
map,4
mapaches,1
mar,1
maracana,2
maradona,1
maradonas,3
marathon,1
marc,15
marca,1
marcel,2
marcello,1
marcelo,5
march,4
marching,1
marco,11
marcos,5
marcus,9
margin,1
margins,3
maria,7
marics,1
mariners,3
marino,2
marios,1
mark,8
marker,5
market,6
marketing,4
markets,1
marking,1
marngrook,1
marocaine,1
maroon,1
marquinhos,1
marseille,9
marshawn,1
marta,2
martial,1
martin,3
martins,1
marval,1
mascherano,3
mascot,1
mashupsfrom,1
mason,1
masroor,1
massive,4
massively,3
master,1
masterclass,5
mata,6
matas,1
match,197
matchday,4
matched,1
matches,43
matchesnba,1
matchup,3
matchwell,1
matchwinners,1
mate,2
materials,1
mater™,1
mates,2
math,1
mathematical,1
matip,1
matt,1
matter,5
matters,3
matuidi,6
maturely,1
maturing,1
maturity,2
mauricio,8
mauro,2
max,5
maxies,10
maximize,3
maximum,3
maxwell,1
may,40
mayb,1
maybe,7
mazzarri,1
mb,2
mbappe,6
mbna,1
mboro,1
mccann,1
mccartan,1
mcdonald,1
mcfoot,2
mcinerney,3
mckenzie,1
mckinlay,2
mcleish,1
mcm,1
md,1
mdlg,2
me,85
meadow,1
mean,22
meaning,2
means,12
meant,7
measurable,7
measured,2
measurement,1
meazza,1
med,6
medal,1
media,8
medical,1
mediocre,1
mediocrity,1
meditat,1
medium,25
medley,1
meech,1
meerkat,1
meet,6
meeting,4
meetings,12
meets,19
meg,2
mega,8
megamoney,2
meh,1
melbourne,4
melia,2
meltdown,28
mem,1
member,1
members,1
memes,1
memorabilia,1
memorable,1
memorial,1
memories,4
memphis,2
men,130
mend,4
mendy,1
menjerseyfootballclubshirtkitsoccershortsleevesmlxlsocks,1
menotti,4
mens,132
mental,2
mentality,2
mentally,1
mention,3
mentioning,1
mentor,1
meram,2
mercede,1
mercedesbenz,1
merchand,2
merchandise,6
mercurial,12
mercuríal,1
mercy,1
merlin,1
merseyside,5
merson,1
mertens,3
mess,2
message,4
messed,1
messenger,1
messengers,1
messi,49
messis,2
messy,1
mesut,23
met,2
metal,2
metrics,2
metz,12
mexican,6
mexico,18
meyer,2
meyler,1
mezut,1
mib,1
mic,2
mice,1
michael,8
michy,7
midas,2
middels,1
middle,3
middlesbrough,45
midfield,3
midfielder,23
midgets,75
midnight,1
midst,1
midweek,3
might,13
mighty,1
mignolet,4
miguel,1
mihailovich,1
mike,2
mikels,1
mila,1
milan,58
milano,1
milans,6
milanthe,1
mile,1
miles,1
milestone,1
milf,1
milita,1
military,3
millar,2
million,2
mills,1
millwall,4
milton,1
min,4
minan,1
mind,4
mine,4
mineiro,2
mineral,1
mini,8
minigame,1
ministry,1
minnesota,10
minor,5
minority,1
mins,4
mint,2
minute,36
minutes,23
minutiae,1
miracle,9
miraculous,2
mirren,2
mirror,1
misery,4
mishearing,1
miss,47
missed,19
misses,13
missing,8
mission,1
mistake,5
mistakes,2
misunderstanding,1
mitchell,1
mitre,1
mitrovic,2
mix,3
mixed,3
mk,1
mkhitaryan,2
ml,3
mlb,5
mlbs,1
mlrg,1
mls,119
mma,3
mnf,1
mnh,1
mo,1
mobile,27
mock,1
mockery,1
mod,3
mode,2
model,4
moderate,1
modern,1
modernism,1
modernize,1
modric,1
mohamad,1
mohamed,1
mold,1
molded,2
moldova,1
mole,1
mom,12
moment,7
moments,26
momentsdc,1
momma,1
moms,2
mon,2
monaco,32
monacos,4
monday,25
mondays,7
monde,1
money,6
moneyball,1
moneylending,3
mongers,1
moniker,1
monitoring,5
monk,1
monogrammed,2
monster,4
montella,6
montero,15
monterrey,1
month,2
months,5
montreal,12
monumental,1
mood,1
moola,1
moon,2
moor,2
mooys,2
moral,1
morata,11
more,126
morecambe,5
morelia,1
morgan,10
morning,16
mornings,1
moscow,1
moseleys,1
moses,2
mosimane,1
most,66
mostly,2
mosttraded,1
motd,3
motd2,1
mother,3
motherf,1
motherwell,2
motion,1
motivate,1
motivated,1
motivatedenthusiastic,1
motivation,4
motive,5
motor,1
motorbikes,1
motorsport,1
mou,2
moukandjo,1
mounts,1
mourinho,128
mourinhos,16
mourns,3
mousa,1
mouth,2
mouthguard,1
move,54
moved,3
movie,6
movies,2
moving,2
movsisyan,1
moyes,11
mp2,1
mr,2
ms,2
msl,3
msn,1
msrp,1
mu,1
much,28
mufc,8
mug,2
mugs,1
muller,5
muls,1
multi,1
multiclub,1
multifunction,2
multimedia,1
multiplayer,1
mum,2
mumsnet,5
munchen,1
muncie,1
munich,41
munichs,4
municipal,1
mural,1
murder,1
murdered,1
murica,1
musacchio,2
muscle,2
music,5
musical,1
musicians,1
muslim,2
must,29
mutants,1
muyl,2
muzic,1
mv,1
mx,4
my,144
myanmar,1
myfootballfacts,1
mymarketplace,1
myself,3
mystery,1
myth,1
n,3
n98,6
na,1
nac,2
nacional,1
nagbes,1
nah,4
nahh,2
nahi,1
nahki,1
naia,6
naijavideonet,1
nail,1
nailed,1
naked,2
name,26
named,9
names,5
nancy,3
napoli,8
narrow,1
nascar,2
nasl,1
nate,1
nation,4
national,47
nationalism,2
nations,2
natl,2
naturalhome,1
nature,1
navy,13
naw,1
nba,12
nbanhl,1
nbc,2
nc,1
ncaa,1
ncaas,1
nd,1
ne,3
near,3
nearly,3
necessary,1
necessity,1
neckerchief,3
neckla,1
necklace,6
nederlands,1
need,67
needed,6
needle,2
needs,17
negitive,1
neil,1
neither,1
nelson,3
nemanja,2
neme,12
nemesis,1
nepali,1
nephew,1
nerd,1
nerdy,1
nervous,1
nervy,1
ness,1
net,20
netball,1
netherlands,9
nets,4
netted,1
network,3
neuer,4
neuf,3
never,36
neville,13
nevin,9
new,305
newark,2
newbeneficial,1
newcastle,19
newest,1
newport,4
newreutersfile,1
news,262
newspaper,7
newspapers,4
next,33
neymar,55
nfc,1
nff,2
nff ,1
nfl,14
ng,1
ngc,3
ngezi,2
ngolo,16
ngwenya,1
nhk,1
nhl,5
nib,1
nice,12
niche,2
nick,2
nicki,1
nicklaokaim,1
niece,1
nifty,4
nigahiga,1
nigeria,2
nigerian,4
niggas,5
night,26
nightlight,1
nightmare,10
nights,1
niguez,8
nike,124
nikki,1
nikolic,3
nil,1
nile,4
nine,2
ninegoal,1
nintendo,1
nip,1
nippert,3
nistelrooy,3
nk,1
nkorea,1
nlis,1
nm,1
no,105
no1efcfan,1
noah,2
noble,5
noisemakers,2
nollan,1
nomads,3
nominations,1
non,8
none,1
nonhispanic,1
nonleague,2
nonnegotiable,1
nonperfect,1
nonstop,1
noon,1
noooo,1
noorani,2
nootdorp,1
nope,1
normal,2
normalcy,1
norrkoping,1
north,6
northampton,1
northern,2
norway,2
norwegian,2
nos,1
not,247
note,6
notebook,4
notes,3
nothing,23
notice,1
nottingham,2
notts,2
nou,7
nouveau,1
novel,1
now,88
nowadays,1
nowdays,1
nowgtgtgtgt,1
nowgtgtgtgtgt,1
nowhere,1
nowwe,1
npsl,2
nrg,1
nri,1
nrl,1
nsw,2
nudes,1
nuevo,2
nugent,2
nuhu,1
nulled,1
number,13
numbers,4
nursery,2
nutmeg,5
nutmegs,1
nworuh,1
nwot,2
nwsl,2
nwt,8
ny,1
nyc,1
nycfc,16
nycfcs,1
nylon,1
nyrb,1
níke,1
o,11
oats,1
oaxaca,1
object,1
objective,4
oblak,2
obligation,1
obra,4
observer,2
obvious,1
occasion,1
occasionally,1
occurs,1
oceania,2
oconnor,3
ocsc,1
odd,1
oddo,3
odds,84
odeven,1
odonovan,1
oduro,1
odyssey,1
of,837
ofa,3
ofc,1
off,103
offe,1
offended,1
offer,17
offering,1
offers,8
office,1
officer,1
official,36
officially,1
officialsoccer,1
officiation,1
offkey,3
offside,14
often,2
oguzhan,3
oh,14
ohara,1
ohh,1
ohhh,1
ohio,2
oil,1
ok,6
okay,3
ol,1
ola,1
old,26
oldest,1
oldham,5
oldies,1
olds,4
oldtimers,1
oldtimey,1
ole,1
olena,1
olimpico,2
olimpietslada,1
olive,1
olivier,2
olp,1
olsson,1
olympic,9
olympics,3
olympikus,1
olympique,1
omar,1
omfg,2
omg,1
omission,1
on,759
once,2
onda,1
one,115
oneills,23
ones,3
onetouch,1
ongoing,9
online,58
only,60
only29,1
only39,1
only79,1
onto,1
onyekuru,2
oops,1
oosshhhh,1
open,16
opendatajson,2
opener,3
opening,2
opens,7
operation,1
opinion,4
opinions,1
opponent,2
opponents,1
opportunities,5
opportunity,4
opposing,1
opposite,1
opposition,2
ops,1
opta,4
opted,1
optimise,4
optimism,1
optimistic,1
option,4
options,1
opus,1
or,291
oral,1
orange,6
orcs,1
ord,1
order,9
ords,3
organisations,2
organising,1
organize,6
organized,7
orient,9
origi,2
original,10
originally,1
origins,2
orl,1
orlando,15
orlandos,1
orleans,1
orr,1
orvault,1
os,15
osaka,1
osasuna,3
ostriches,1
osu,1
osumanu,1
ot,1
other,31
others,10
otherwise,1
ottawa,1
otto,1
our,93
ours,1
ourselves,2
ousmane,2
out,279
outdated,1
outdoor,15
outdoorindoor,1
outerbridge,1
outfit,11
outfox,1
outlaw,1
outrageous,5
outraging,3
outs,3
outside,3
outstanding,2
over,129
over30,1
overachieved,1
overall,4
overhead,1
overit,4
overmars,12
overseas,1
overthrough,1
overtime,1
overturn,1
overwatch,1
ovw,1
own,14
owned,1
owner,3
owners,7
ownership,4
ox,1
oxladechamberlain,6
oz,12
oz75,1
ozil,40
p,12
pa,1
paansar,1
pace,2
paced,1
pachuca,2
pacific,1
pack,5
package,4
packed,4
packing ,1
pacos,1
padded,1
padding,1
paddy,1
paez,1
page,14
paid,2
painful,1
paint,4
painting,7
pair,5
pairs,2
pairslot,1
pajamas,1
pal,7
palace,26
palaces,1
palmas,2
palmer,1
pan,1
panama,12
pancakes,1
pannas,2
pants,1
paper,8
papers,2
par,1
parachute,12
paradigm,1
paradise,1
paragaury,1
paraguay,2
parallel,2
parents,4
pariah,1
paris,16
park,28
parker,1
parkers,1
parmanently,1
parodi,1
parsing,1
part,28
part10,2
part13,1
part21,1
part30,1
part50,1
part51,1
part52,9
participant,1
participantion,1
participated,5
participating,2
participation,3
partick,3
partner,1
partnership,4
party,7
partying,4
pass,2
passaball,1
passed,1
passengers,2
passer,2
passing,6
passion,10
passionate,3
passions,1
past,9
paste,1
pastime,1
pat,9
patch,4
patchbadgecrest,1
patches,5
patchwork,1
pathetic,1
patient,3
patients,1
patrick,1
patronato,1
pattern,2
paul,17
paulinho,2
paulo,3
pay,36
payet,2
paying,1
pc,6
pcs,1
pds,1
pdsa,1
pea,1
peace,3
pearce,1
pearl,1
pec,1
pedantics,1
pedestal,1
pedro,10
peg,2
pellegrinis,1
penalties,2
penalty,23
pendant,5
pending,17
penh,1
penny,1
people,48
pep,5
peps,2
per,2
perce,1
perfect,14
perfection,6
perfectionism,1
performance,20
performances,1
performed,1
perfume,1
perhaps,2
permutations,3
perry,1
persib,2
persistent,4
person,3
personal,6
personalised,1
personally,1
persuade,1
pertaining,1
pertamakali,1
perth,5
perv,1
pes,3
pescara,7
pessimistic,1
pete,1
peterboro,1
peterborough,1
pf68,2
pf70,1
pfa,4
phantom,1
phase,1
phatal,1
phenom,1
phi,1
phil,2
philadelphia,7
philadelphias,2
philipp,1
philippe,10
phillies,1
phillip,1
phillips,1
philly,2
philosophy,1
phinish,1
phnom,1
phoenix,5
phone,5
phones,1
photo,6
photographer,1
photography,1
photos,15
physical,2
physically,2
physics,1
piatti,1
pic,1
pick,29
picked,1
pickford,1
pickier,1
picks,38
pickup,2
pickvetw,1
pics,2
picture,1
pictures,3
piece,4
pieces,1
pierreemerick,3
pierreemile,1
pigs,8
pin,5
pinch,1
pinching,1
ping,2
pink,1
pins,1
pint,1
pinterest,1
pique,22
pirates,7
pirlo,5
pisa,1
pitch,30
pitchers,1
pitches,1
pitfalls,4
pits,1
pitso,1
pizza,1
pl,10
pla,2
place,30
placed,1
places,4
placevancouver,1
placing,1
plaid,1
plainly,1
plains,1
plan,13
plane,1
planet,1
plans,8
plastic,4
plate,1
platforms,1
platinum,3
play,224
playback,1
played,61
player,198
players,163
playersin,1
playin,2
playing,53
playlist,28
playmaker,1
playoff,15
playoffs,13
plays,23
playstation,1
plea,4
please,32
pleased,3
pleaseeeeeee,1
pleases,3
pleasure,2
plight,1
plock,1
plot,2
pls,59
plume,1
plummet,1
plus,15
plush,1
plymouth,8
pm,14
pmsing,1
poccnr,1
pochettino,12
podcast,2
podcasts,1
poding,1
pods,1
poet,1
poetry,1
pogba,34
pogbalike,1
point,16
points,26
poison,1
poker,1
poland,2
pole,1
police,7
polish,1
political,2
politics,3
politicsgov,2
poll,1
pollak,1
polo,11
polyester,3
polypropylene,3
pompey,2
pong,1
pony,1
pool,3
poor,2
poorly,1
pop,5
popin,1
poppet,1
popping,1
popular,13
popularity,3
por,1
porn,2
porsche,1
portadown,1
portal,1
porteno,1
portfolio,1
porting,1
portland,9
porto,5
portsmouth,10
portugal,6
portuguese,2
pos,11
position,10
positional,1
positions,10
positive,3
possibilities,1
possibility,1
possible,7
possibly,8
post,67
postage,5
poster,17
posters,1
postponed,1
postponement,4
posts,5
potential,2
potter,1
potuspm,1
poverty,1
power,19
powerful,1
powers,4
poznan,1
ppl,3
pr,2
practice,11
practices,4
practicing,2
practised,2
praise,8
praises,9
praising,1
pram,4
pranks,1
pre,1
preagreement,2
precious,2
precision,1
predator,1
predicted,4
predicting,1
prediction,9
predictions,54
predictor,1
predicts,3
predito,1
predominant,1
predominantly,1
preeminent,1
prefer,3
prefers,2
pregame,1
prehistoric,2
prem,5
prematch,3
premature,1
premier,269
premieresany,1
premiers,2
premiership,2
premises,3
premium,2
premiums,1
preowned,1
preparation,1
prepared,2
prepares,1
preparing,1
pres,1
preschoolers,1
preseason,3
present,3
president,6
press,25
presses,1
pressure,30
preston,1
pretax,3
pretend,2
pretty,8
preview,66
previews,6
price,13
priced,1
pricelezz,4
prices,1
pride,1
primeira,3
primera,5
principles,1
print,14
printable,2
prior,1
priority,1
private,1
prizes,1
pro,189
probabilities,1
probably,5
probe,9
problem,15
problems,9
probs,1
process,1
prodirect,3
produce,3
produces,1
producing,1
productive,1
products,3
professiona,1
professional,20
professionals,3
professor,1
profile,4
profiling,1
profit,2
program,5
programs,1
progress,1
project,3
projectiles,2
prolific,1
prolongs,1
prom,1
promises,1
promising,1
promo,3
promoted,26
promoting,1
promotion,33
promotionrelegation,2
promotions,1
prompts,1
prone,1
proof,5
proper,2
proposed,1
proposition,1
propositioned,8
props,4
prosecutors,1
prospect,1
protect,20
protection,3
protective,1
protector,2
protegga,1
protest,4
protestors,1
protests,1
proud,6
prove,6
proved,1
proven,3
proves,12
provide,2
providers,1
provides,7
province,1
proving,1
przez,1
ps2,1
ps4,7
psalm,1
psg,30
psgs,2
psychological,1
psychopharmacology,1
pt,2
pt1,2
pu,1
pub,1
public,10
publish,4
published,29
puck,2
puebla,1
puel,1
pugh,2
pulcini,1
pulis,2
pulisic,7
pull,10
pulls,1
puma,19
pump,4
pundit,5
pundits,19
punished,1
pure,5
purechaos,3
purecontrol,1
purple,2
purpose,1
push,2
pushed,18
pushing,3
pussies,1
pussy,3
put,15
puts,10
putting,3
puzzle,1
q,1
q21624,1
qatar,1
qatari,1
qb,5
qf,3
qpr,4
qs,2
quaint,2
qualification,5
qualified,8
qualifier,2
qualifiers,1
qualify,7
qualifying,1
quality,11
quantum,1
quarterback,2
quarterfinal,2
queens,3
queretaro,2
question,7
questioned,2
questions,16
questra,1
queue,1
quick,5
quickdry,1
quickly,4
quidditch,1
quiet,1
quietbleacher,1
quilt,1
quinn,1
quit,6
quite,4
quits,5
quiz,8
quote,5
quotes,2
r,5
rabbits,1
rabiot,1
race,39
racesfootball,1
rachel,1
racing,2
racis,1
racist,4
racks,1
radio,5
radios,1
radisson,1
rafa,2
rage,2
raheem,2
raid,2
railhawks,1
rainbow,1
raise,1
raised,1
rajangan,1
rally,1
ramifications,1
ramirez,2
ramma,1
ramos,23
rampage,1
rampant,1
rams,1
randalls,1
random,2
range,4
rangers,17
rank,1
ranked,1
ranking,2
rankings,5
ranks,2
ransom,2
rant,1
rants,2
rap,1
rape,4
raped,1
rapids,12
rapidsreal,4
rare,25
rashford,22
rashid,1
rat,1
rate,4
rated,7
ratela,1
rather,5
rating,2
ratrie,1
rats,10
raul,1
ravanelli,2
rave,1
ravens07,1
raving,1
razor,1
rb,1
rbs,1
rd,1
rea,1
reach,11
reached,5
reaches,8
reaching,2
react,2
reacted,1
reaction,11
reactions,6
reacts,2
read,18
reading,7
ready,22
real,270
realbayern,1
realise,2
realistic,3
reality,2
realized,1
realizing,1
really,29
realtime,2
reaping,1
reason,15
reasonable,1
reasons,1
rebirth,1
rebound,2
rebounder,1
rebounders,1
rebuild,2
rebuilding,1
rec,2
recall,1
recap,1
recaps,8
received,2
receiver,1
receiving,1
recent,22
recently,1
recognise,1
recognizing,2
recommend,1
reconstruct,1
record,32
recordbreaking,3
records,2
recover,1
recoveries,1
recovers,1
recovery,4
recreate,3
recreates,5
recruit,1
recruiting,3
recruits,1
red,56
redbla,1
redblack,1
redblue,10
reddy,1
redevelop,2
redhot,1
redknapp,15
redmond,2
reds,8
redyello,1
redyellow,1
reebok,6
ref,3
refer,4
referee,21
refereeing,1
referees,11
references,1
referring,1
refrees,1
refs,7
refugee,2
refuse,2
refuses,1
reg,3
regan,1
reggae,1
reggie,1
region,2
regional,1
register,4
registration,2
registrationa,1
regret,2
regrettably,1
regular,12
reign,7
reignite,1
reinelt,1
reinforced,1
reject,3
rejected,1
rejects,1
related,4
relations,1
relaxed,1
relaxing,1
relays,1
release,1
released,6
relegated,6
relegation,13
relevant,4
relief,3
relieved,1
religion,1
relishing,2
relying,1
remain,8
remainder,4
remaining,1
remains,2
remarkable,3
remember,8
remembered,1
reminded,1
reminder,5
reminding,1
reminds,1
remote,1
removable,1
removing,1
renaissance,2
renamed,1
renato,2
renews,1
rep,1
repair,1
repay,1
replace,8
replacements,1
replaces,2
replay,4
replayed,1
replays,1
replaysreferees,1
replica,5
reply,2
report,11
reported,5
reportedly,15
reporter,1
reporting,2
reports,7
repository,2
repost,1
republic,3
republique,1
require,1
rescue,3
rescues,5
research,4
researchers,1
reservations,1
reserve,1
residence,1
resign,1
resignation,1
resigns,3
resistance,11
resolve,1
resources,1
respect,2
respects,24
responds,2
response,2
rest,14
restarting,1
resting,1
result,3
results,190
resumen,1
resumes,2
resurgent,1
resurrect,1
resurrected,1
resurrection,2
retains,1
retarded,1
rethink,1
retire,10
retired,1
retirement,8
retires,1
retiring,3
retro,6
return,22
returned,2
returning,9
returns,17
retweet,16
retweeted,1
reunion,1
reunited,1
reus,5
reuters,164
rev,3
reveal,2
revealed,7
reveals,29
revelation,12
revenge,2
revenue,2
review,28
reviewed,1
reviewschallenges,1
revival,11
revolution,11
revolutionise,1
revolutionizing,1
rewards,2
reyes,1
rf,1
rfunny,1
rgds,1
ribery,2
rica,2
ricardo,1
rice,1
rich,2
richie,2
rid,1
ride,1
ridiculed,1
ridiculous,5
ridiculously,3
rifle1,1
rigged,1
right,17
rightback,1
rightful,1
rights,1
righty,2
rih,1
rileys,1
rim,1
ringer,1
rio,4
rios,1
riot,1
riots,1
ripped,2
rippi,1
rips,1
rise,2
rises,1
rising,4
risk,3
riskfree,1
risks,2
rithy,1
rival,2
rivalau,1
rivalries,4
rivalry,1
rivals,4
river,1
riverside,2
riveting,1
rlwsc,1
rn,1
ro,1
road,8
roadshow,1
roar,1
rob,3
robben,2
robbens,1
robbery,3
robbie,8
robbing,1
robert,4
roberto,3
robertson,1
robinho,3
robles,1
robmag,1
robot,1
robotics,1
robson,1
roca,1
rochdale,1
rock,2
rocket,9
rockets,1
rod,8
roda,1
rodgers,1
rodriguez,3
rohr,1
rohr ,1
roiling,1
roku,1
role,12
roles,1
roll,2
rolled,1
rom,1
roma,18
romagnoli,2
romance,2
rome,1
romelu,7
romine,1
ronald,4
ronaldinho,2
ronaldo,74
ronaldos,7
rontalon,1
rooftop,1
room,6
rooms,1
rooney,3
roots,2
rope,2
rose,5
rosellas,1
rosicky,3
ross,21
rossi,1
rossoneri,2
roster,2
rotational,1
rotherham,2
rotten,4
rotterham,1
rough,1
round,8
rounders,1
rounds,3
roundup,10
roundupsydney,1
roundup romelu,1
rousing,2
rout,3
routine,1
rovers,6
rowett,1
roy,3
royal,1
royale,1
rsa,1
rsc,1
rsl,8
rss,2
rsvp,1
rt,107
rubber,2
rubbish,1
rubbishes,2
rubin,1
rues,9
rugby,54
rugbyfootball,3
rugbyjust,1
rugbyplayers,1
ruin,2
ruined,1
ruining,2
rule,1
ruled,11
rules,9
rummenigge,1
rumors,1
rumoured,3
rumours,87
run,25
runin,4
runner,1
runners,1
running,14
runs,6
rushed,2
rushing,3
russell,1
russia,1
russian,1
rutgers,1
ruthless,3
rva,1
rwanda,1
rwandan,1
ryan,8
s,60
s4,1
s500000,2
s79529,3
s82078,1
sa,4
saban,1
sack,2
sacked,4
sacking,1
sacks,2
sacrifice,4
sad,5
saddened,2
saddens,1
sadio,1
sadium,1
saesneg,1
safe,3
safety,7
sahy,2
said,14
sails,1
saint,2
saintgermain,12
saints,1
sake,9
sakho,6
sala,1
sale,27
sales,1
salmon,1
salt,10
saltiness,1
salutes,2
salvador,2
salvage,4
sam,1
same,32
sammy,1
sampaoli,7
sampaolis,5
sampdoria,1
sample,3
samples,4
samsung,1
san,18
sanches,2
sanchez,37
sanchezs,2
sand,3
sandhausen,2
sandiego,1
sandor,1
sane,1
sankhare,1
santiago,1
santos,4
sarah,2
sarandi,1
sarris,3
sasana,10
sat,2
satur,1
saturday,106
saturdays,9
saudi,1
saul,12
savages,3
save,10
saver,2
saves,2
saving,1
saw,5
say,59
sayin,1
saying,6
says,103
sb,2
sb2k17,1
sc,6
scalp,1
scandal,1
scandalous,1
scanner,1
scans,2
scarce,1
scare,3
scarf,8
scarve,1
scene,4
scenery,1
scenes,9
sch,1
schalke,7
schedule,15
scheduled,1
schedules,7
schizophrenia,1
schneiderlin,2
scholarship,1
scholarships,1
school,44
schoolers,1
schools,3
schweinsteiger,16
scintillating,1
scissor,2
scor,1
scorch,2
scorching,1
score,32
scoreboard,4
scored,19
scorekeeper,1
scoreless,1
scoreline,1
scorer,5
scorers,3
scores,55
scoring,2
scotland,2
scott,1
scottish,8
scout,2
scouting,3
scouts,1
scrap,2
scrapheap,4
scraps,1
scratching,2
screamer,5
screaming,2
screen,1
screened,1
screw,1
scrimmage,1
scrutinizes,6
scrutiny,2
scuffle,2
scummer,1
scunthorpe,3
sdsu,1
se,1
se50550hd,1
sead,14
seagulls,5
seal,10
sealed,8
seals,4
sean,3
search,1
seas,1
season,104
seasons,2
seat,2
seattle,16
sebastian,1
second,18
seconds,5
secondtier,1
secret,3
secretary,1
secretly,1
secrets,1
section,1
secure,15
secured,1
secures,2
securing,1
security,1
see,57
seeds,1
seeing,5
seek,1
seeking,2
seeks,1
seem,1
seemed,2
seemingly,2
seems,2
seen,22
sees,7
sega,2
segas,3
segrià,1
sehun,1
selcom,6
select,4
selection,3
selects,1
selfconfidence,1
sell,7
sells,1
semester,1
semi,1
semifinal,9
semifinals,4
semipro,1
semis,1
sen,1
send,3
sendai,4
sends,4
senior,2
senrab,1
sensation,1
sense,6
sensible,3
sent,4
sentence,1
sentinel,1
seoul,1
sepak,1
september,1
ser,1
sergio,10
seria,1
serie,18
series,2
serious,5
seriously,2
sernas,1
served,1
serves,1
serving,4
session,6
sessions,1
set,75
setback,6
setpiece,1
sets,6
setting,1
settingz,1
settle,1
settles,2
setubal,2
seven,8
sevens,1
seventh,2
several,1
sevilla,7
sex,3
sexabuse,1
sexualization,1
sexy,1
sff,1
sg,6
sgligue,1
sgpro,1
sh,1
sha,1
shaibu,1
shakes,1
shakespeare,9
shaky,2
shall,1
shame,2
shanghai,1
shannon,1
shaol,1
shaped,2
shaqiri,5
share,26
shares,4
sharing,12
shark,1
sharks,1
sharp,2
shastri,1
shaw,4
she,10
shearer,4
sheet,2
sheff,4
sheffield,6
sheik,1
shelton,1
shelves,1
shenhua,1
sheriff,1
shes,1
shi,1
shield,1
shifts,1
shimshal,1
shin,2
shine,1
shines,7
shinguard,1
ship,2
shipping,8
shirt,266
shirts,9
shirtsoccer,1
shirtssoccer,1
shit,15
shite,2
shitty,2
shoalin,1
shock,12
shocked,1
shocker,1
shocking,10
shoe,2
shoes,63
shoes ,2
shoot,8
shooting,2
shop,15
short,11
shortage,1
shorthand,1
shortlist,2
shorts,11
shot,17
shots,3
should,72
shoulder,2
shouldnt,1
shout,1
shouting,1
shoutout,1
shoutout2,1
show,41
showcase,7
showcasesoccerchelseas,1
showcasesoccercosta,1
showcasesoccermanchester,2
showcasesoccermata,1
showcasesoccermourinho,1
showcasesoccerunited,1
showcasesoccerwith,1
showcasestatboxsoccermanchester,1
showcasestrength,1
showdown,5
showed,2
shower,2
showing,1
shown,1
showpiece,1
shows,6
shrews,2
shrewsbury,2
shrimpers,1
shrinking,1
shush,1
shut,2
shutout,3
siblings,1
sick,1
side,28
sided,2
sidelined,1
sideman,1
sides,2
sideways,1
siemens,1
sight,4
sights,4
sigma,15
sign,50
signature,6
signed,22
significance,1
signing,19
signings,5
signs,8
sigs,1
silence,1
silencing,2
silk,1
silly,2
silva,7
silvas,3
silver,6
silverbacks,1
sim,1
simeone,13
simeones,1
similar,2
similarities,1
simon,1
simple,4
simply,2
simpsons,1
simulation,2
since,10
sing,2
singalong,1
singapore,3
single,6
singles,2
singleseason,1
sink,5
sinking,1
sinks,8
sir,6
sirius,1
siro,2
sister,3
sisters,4
sit,4
site,5
sitewide,1
sitting,6
situation,2
situations,1
six,7
sixe,2
sixth,2
siyanda,1
size,119
sizes,1
sj,1
sk,1
skalak,1
skateboarding,1
skatepark,1
skc,4
skeeball,1
skies,3
skiing,2
skill,6
skills,142
skills ,1
skills fails,1
skills part51,1
skin,1
skinny,1
skipper,5
skuratv,1
sky,38
skyman,1
skysport,1
skysports,13
sl,1
slade,1
slam,1
slammed,1
slams,4
slave,1
slaven,1
slaying,2
sleep,3
sleeper,1
sleeping,1
sleepless,1
sleepover,1
sleeve,21
sleeveens,1
slick,2
slide,16
slides,2
slight,1
slightest,1
slip,15
slippery,1
slipup,1
slots,1
slovakia,1
slow,5
sltv,1
slum,2
slump,2
slums,1
sm,1
small,32
smart,4
smarter,1
smh,2
smile,2
smiles,1
smith,3
smiths,1
smlxl,1
smoking,1
snap,1
snapback,5
snatch,6
snatches,7
sneakers,11
sneaky,3
snodgrass,2
snowflake,1
snub,2
snubs,2
so,77
soap,4
soars,2
socc,2
socce,1
soccer,3067
soccer1,1
soccer15,1
soccer4,1
socceragnew,1
socceraleague,1
soccerall,1
soccerargentine,6
soccerarsenal,3
socceras,1
soccerasian,1
socceraustralian,3
socceraustrian,1
soccerball,7
soccerbarca,1
soccerbaseballwrestling,1
soccerbastia,1
soccerbayerns,2
soccerbelgian,4
soccerbenitez,1
soccerbirmingham,1
soccerbolivian,4
soccerbournemouth,1
soccerbrazil,1
soccerbrighton,3
soccerbrits,1
soccerbulgarian,3
soccerbundesliga,3
soccercalm,1
soccerchampions,1
soccerchilean,3
soccerchinese,4
soccercolombian,3
soccercontract,1
soccercroatian,2
soccerczech,3
soccerdanish,4
soccerdebut,2
soccerdortmund,4
soccerduring,1
soccerdutch,4
soccerecuador,2
soccerenglish,5
soccereuros,1
soccereven,1
soccereverton,2
soccerevery,1
soccerf,2
soccerfinnish,2
soccerfirmino,1
soccerflag,1
soccerfootball,60
soccerfootballbasketballtenniswtvr,1
soccerfootballfutbol,1
soccerfootballfutból,1
soccerfootballplayed,1
soccerfootballtrack,1
soccerforme,3
soccerfutbol,1
soccerguardiola,1
soccerhull,1
soccerhungarian,1
soccerim,1
soccerisraeli,1
soccerits,1
soccerjapanese,1
soccerjuves,1
soccerla,2
soccerlampard,1
soccerlastgasp,1
soccerleicester,2
soccerleicesters,1
soccerlibertadores,1
soccerligue,7
soccerliverpools,1
soccerlyon,1
soccermexican,3
soccermilan,1
soccermonaco,1
soccermovie,1
soccernew,1
soccerneymar,2
soccerno,1
socceron,1
soccerpalace,1
soccerparaguayan,4
soccerpaulinho,2
soccerperuvian,3
soccerpolish,2
soccerportuguese,5
soccerpugh,1
soccerromanian,6
soccerrussian,2
soccers,83
soccersaturday,5
soccerscottish,1
soccersensational,1
soccerserbian,2
soccerserie,1
soccersloppiness,1
soccerslovak,2
soccerslovenian,2
soccersouthamptons,1
soccerspurs,2
soccersurprise,2
soccerswansea,1
soccerswedish,2
soccerswiss,2
soccerterry,1
soccerthese,1
soccertottenham,1
soccertuchel,8
soccerukrainian,4
soccerunderfire,1
soccerunited,1
socceruruguayan,2
soccerus,2
soccervenezuelan,2
soccerviews,9
soccervolley,1
soccerwatching,1
soccerway,3
soccerways,1
soccerwenger,1
soccerwest,2
soccerzahavi,1
soccerzanetti,1
soccerzola,1
soccer cleats,2
soccer problems,1
soccer reaction,1
soccer vine,1
soccer vines,2
social,1
sociedad,11
society,2
sock,1
socks,10
soft,3
softball,19
sokratis,3
sold,4
soldiers,1
sole,5
solely,1
solidarity,1
solo,3
solution,12
som,1
somalia,2
some,43
somebody,1
someday,1
somehow,1
someone,9
something,17
sometimes,2
somewhat,1
son,11
song,4
songs,1
sony,1
soocer,1
soon,4
soonredblacks,1
sorano,2
sori,1
sorry,12
sort,1
sou,1
souls,30
sounder,1
sounders,16
sounds,5
sour,3
source,1
sources,7
south,15
southampton,24
southend,4
southern,1
souveni,2
souvenir,1
souvenirs,9
sp,1
space,1
spaceball,1
spain,37
spalletti,1
spanish,8
spare,1
spares,3
sparta,1
speak,1
speaker,1
speaking,1
speaks,9
spearhead,1
special,47
specialists,1
specials,2
specific,5
specifically,1
specified,1
spectacular,1
spectra,1
speculating,1
speculation,4
speechless,11
speed,19
speedenews,2
speedform,1
speedhero,1
spencer,1
spend,3
spending,3
spent,1
spezia,1
spike,1
spikes,1
spirit,4
spite,1
splash,2
split,2
spo,1
spoiled,1
spoiler,2
spoilers,1
sponsored,1
sponsorship,8
sport,131
sport24,1
sporting,40
sportingnews,33
sports,320
sportsbet,1
sportsbetting,1
sportsjoblisting,1
sportspress,1
sportsview,1
sporty,1
spose,1
spot,12
spotlight,3
spots,2
spray,13
spread,1
spreadsheet,1
sprin,1
spring,16
sprint,3
sprinting,1
sprots,1
spur,1
spurs,26
squad,9
squads,2
square,3
squat,1
squeeze,5
squeeze balls,1
squires,1
sregolatezza,1
srs,1
ss,3
ssc,1
sse,2
st,7
sta,2
stabbed,2
stade,1
stadi,1
stadio,9
stadium,41
stadiums,11
staff,4
stag,1
stage,10
stages,5
stags,1
stained,3
stake,1
stakers,1
stakes,1
stalemate,3
stamford,7
stamina,2
stamp,2
stan,1
stand,8
standard,1
standards,1
standing,2
standings,138
standouts,1
stands,2
stankouski,1
stanley,2
star,133
stare,2
starlet,6
starring,1
stars,165
start,25
started,8
starters,1
starting,11
starts,6
stat,4
state,3
statement,1
states,3
statistical,3
statistician,1
statistics,4
statpadding,1
stats,23
status,9
stay,48
stayed,1
staying,4
stays,8
steal,2
stefan,3
stellar,2
stelling,19
stellings,1
step,4
steph,1
stephens,1
stepped,1
stepping,2
steps,16
stereotypes,2
sterling,2
steve,4
steven,3
stevenage,3
stevens,1
stewart,7
stg,1
stick,5
stick2gether,1
stickball,1
sticker,9
stickers,11
sticks,1
stifles,2
still,57
sting,1
stingy,2
stink,1
stint,1
stir,2
stirs,1
stitched,1
stock,3
stocks,1
stoke,15
stoll,1
stop,97
stopped,3
stopping,8
stopwatchdigital,1
store,5
stories,23
storm,2
story,18
str,4
straight,7
strange,1
strangers,1
strategic,3
strategies,1
strategy,3
stray,1
straying,1
streak,12
stream,67
stream2watch,1
streaming,4
streams,10
street,6
streets,1
strength,9
strengthen,2
strengthsensei,1
stress,4
stressing,1
stretch,1
stretches,4
stride,2
strides,1
strike,9
striker,19
strikers,3
strikes,1
strip,2
striped,1
stroll,1
stroller,4
stron,1
strong,8
stronger,2
strongest,7
strongly,2
strootman,1
structure,4
struggle,1
strugglers,4
struggles,1
struggling,8
stub,1
stuck,1
student,2
students,2
study,1
studying,1
stuff,8
stuffed,1
stumbles,1
stun,1
stunned,1
stunner,3
stunning,10
stuns,1
stupid,4
stupidest,1
sturridge,3
sturridges,2
stutters,1
stuttgart,1
style,10
stylish,2
su,1
suarez,6
subbuteo,16
subdued,1
subelite,1
subjects,1
submi,1
submissions,1
submitted,3
subs,4
subscribe,1
substi,1
substitution,1
subtle,1
succeed,2
success,11
successive,2
such,20
suckers,1
sucks,2
sudan,1
suddenly,1
sudtirol,1
suffer,1
suffered,4
sufferer,118
suffers,3
suggest,1
suggests,3
suisse,1
suit,3
summaries,6
summary,3
summer,38
summers,1
summit,1
summoning,1
sumner,1
sumo,1
sums,1
sun,33
sunday,28
sundays,6
sunderland,18
sunderlands,1
sundowns,1
sundsvall,1
sunglassesdiacotransition,1
sunk,1
sunshine,1
super,34
superb,2
superbowl,1
superdry,2
superettan,4
superfly,5
supersport,1
superstar,2
superstardom,2
supply,1
support,33
supported,1
supporter,1
supporters,23
supporting,3
suppose,2
supposed,1
supreme,3
supremo,1
sure,27
surely,3
surf,1
surface,4
surfing,4
surge,1
surgery,8
surpasses,2
surprise,3
surprised,3
surprising,2
survey,3
survival,14
survivors,2
susengo,1
suspects,1
suspended,14
suspends,3
suspension,3
suspensions,18
suspicious,1
sustain,1
sustainability,1
sutton,1
sux,1
sv,1
svnootdorp,1
swam,1
swans,7
swansea,13
swanseas,2
sweater,5
sweatshirt,1
swede,1
sweden,1
sweeper,2
sweet,1
sweets,4
swept,1
swimming,2
swimst,1
swindon,7
swing,1
swiss,5
switch,5
switched,1
switzerland,1
swoop,1
swore,1
sydney,6
synergestic,1
system,5
systems,1
sz,37
sz10,1
szl,1
séan,2
t,24
t4,1
tabernacle,1
table,37
tabletop,6
tackle,4
tackles,4
tactical,6
tactics,9
tadic,2
tae,1
tag,8
tagged,11
tagging,19
tags,4
tahanan,1
tahiti,2
tailgating,1
take,44
takefusa,2
taken,22
takeover,1
takers,1
takes,17
takin,1
taking,8
tale,5
talent,7
talented,2
talents,2
tales,3
talisca,2
talk,42
talked,1
talkin,1
talking,23
talks,14
tall,1
talleres,1
tallest,1
tamas,1
tammy,2
tampa,1
tampere,1
tan,1
tango,1
tank,1
tanks,1
tap,1
tape,4
target,39
targeting,4
targets,1
tarnishes,1
tas,3
task,11
taste,4
tastes,1
taylor,1
tball,1
tbh,3
tbhf1,1
tbi,1
tbjzl,2
teach,2
teachers,1
teaches,1
teaching,3
team,433
teammate,12
teammates,9
teams,45
tear,2
teaser,1
teasingly,1
tech,1
technically,1
technology,4
tedxyouth,1
tee,8
teeball,1
teen,1
teenagers,3
tees,1
teeshirt,3
teeth,1
tekkerz,1
teknekal,1
tell,12
telling,2
tells,21
telly,1
template,1
tempt,1
temu,2
ten,4
tending,1
tennis,37
tennisgolf,1
tense,2
tepid,1
term,2
terminated,2
terms,1
tero,10
terrace,1
terraces,2
terrible,1
terrific,2
terror,1
terrorism,1
terrorists,2
terry,64
terrys,5
test,3
testing,1
tests,1
tevez,1
texans,1
text,1
tf,6
tfa,5
tfc,2
tfg,1
tgthr,1
th,3
thailand,14
thalassemia,3
than,83
thang,1
thank,8
thankful,4
thankfully,1
thanks,131
that,153
thats,24
thc,1
the,1937
the18,1
thebe,1
theguardian,1
their,82
them,27
theme,5
themed,7
themselves,1
then,31
theo,7
therapy,3
there,44
therefore,1
theres,13
these,35
they,168
theyll,2
theyre,7
the guardian,1
thfc,1
thiago,1
thibaut,23
thick,1
thierry,18
thing,20
thinggood,1
things,20
think,55
thinking,6
thinks,3
third,19
this,266
thistle,2
thistles,1
tho,3
thomas,5
those,8
though,5
thought,10
thoughts,3
thrash,2
thrashing,6
thre,1
thread,4
threat,1
threaten,1
threatened,6
threatens,2
three,16
threeattheback,2
threematch,1
thrill,2
thriller,3
thrilling,6
thrive,23
thriving,1
throne,2
through,15
throughout,7
throw,12
throwback,2
throwin,1
throwing,2
throwins,4
thrown,1
throws,2
thug,7
thunder,1
thundersticks,2
thursday,3
ti,2
tibetan,2
tick,1
tickets,13
tides,1
tie,11
tiebao,5
tielemans,6
tiempo,9
tier,4
tiered,1
tierney,2
ties,9
tiger,1
tight,4
tights,1
tigres,2
till,2
tim,17
timbers,8
timberssporting,2
time,113
timers,1
times,11
timmy,1
tin,2
tinpot,1
tiny,2
tip,11
tipped,1
tippeligaen,2
tips,29
tiraspol,1
tired,6
tiredness,1
tiredvery,1
tirmulgherry,1
title,56
titties,1
tkrz,1
tl,2
tlabe,1
tmj,3
to,1802
today,80
todays,48
toddler,2
toddlers,1
toe,2
toffees,3
toffs,2
together,5
togetherness,1
togliatti,1
togo,1
togolaise,1
toil,3
toilette,7
tok,1
told,15
toledo,1
tolerable,1
tolerate,1
tolisso,1
toll,1
tom,2
tommorrow,1
tomorrow,8
tomoz,1
tompro,1
toney,1
toni,1
tonight,18
tonights,7
tonite,1
tonup,1
tony,4
too,25
took,3
tool,3
toontopper,1
top,153
topfour,9
topic,1
topics,1
tops,1
topscoring,2
toral,1
torch,1
torino,9
toronto,8
torres,3
tosh,1
total,3
totally,7
tote,1
totem,1
tottenham,75
totti,1
touch,11
touching,2
tough,4
toughest,2
tour,3
toure,14
toures,1
tournament,10
tournaments,14
tournements,1
tourney,1
tourneyfootball,1
touzani,1
towards,6
towels,1
town,13
towns,2
toy,5
toys,1
tr,1
track,34
tractorboys,1
trade,2
trading,1
tradition,2
traditional,1
traffic,2
trafficking,1
trafford,4
tragedy,1
tragic,1
trailer,1
train,13
trained,1
trainer,1
trainers,3
trainersfootballsocceruk,2
training,76
trains,1
trans,1
transfer,178
transfermarket,3
transfers,3
transition,1
trapp,4
trash,4
trauma,2
travel,3
traveled,1
traveling,1
travelling,2
traxion,1
treated,2
treats,2
treblewinning,2
tree,2
trench,1
trending,13
trends,1
trevoh,3
trex,1
trezeguet,2
tri,2
trial,1
trials,1
tribute,12
trick,2
trickeration,1
tricks,15
trickshots,4
tricksots,2
tricky,1
trie,1
tried,1
trikot,14
trio,2
trip,3
triple,2
trivia,1
troll,2
trolls,2
tromso,1
troph,1
trophies,1
trophy,58
trotters,1
trouble,15
truck,1
trudeau,1
true,25
truly,1
trump,2
trust,1
truth,2
trx,4
try,14
trying,3
tryouts,2
tse,1
tshirt,20
tshirts,1
tshirtwhitekidstshirtwhite,1
tsn2,2
tsunami,1
tsunamihit,3
tt,1
tubes,19
tuchel,10
tuesday,7
tuesdays,2
tui,3
tumblr,1
tuning,1
tunnelnutmeg,1
turan,3
turbocharge,1
turf,11
turin,3
turkey,4
turkish,1
turmoil,2
turn,8
turned,6
turning,1
turns,6
turton,1
tutorial,8
tv,64
tv2502hd,1
tvs,1
twat,1
tweet,11
tweets,12
twellman,1
twenty,1
twenty11,1
twenty11and,1
twice,7
twins,1
twist,2
twister,1
twitter,13
two,34
twoyear,1
ty,1
tyneside,1
types,2
tyrone,1
u,19
u10,1
u16,1
u17,5
u18s,4
u19,6
u2,1
u20,1
u20s,2
u6,1
u6u7,1
u7and,1
uae,1
ub,2
uc,1
ucd,4
ucds,1
ucl,4
ucla,1
ucu,1
udinese,4
uefa,14
uefadisgrace,1
uerm,1
uerumpent,1
ufc,2
ufl,2
ugly,6
uk,31
uk11,1
uks,1
ultimate,17
ultra,2
um,2
umbrella,6
umbro,18
un,5
una,3
unable,8
unacceptable,1
unbelievable,4
unboxed,1
uncertain,5
uncertainty,2
uncle,1
uncomfortable,1
uncooked,1
uncovered,1
under,26
under19,1
underachieved,3
underdog,2
underdogs,2
underfire,1
underpressure,1
understand,10
understands,5
understood,1
undertaken,1
undertwelve,1
underwater,1
underwear,1
undisclosed,1
unexpected,1
unexpectedly,1
unfair,5
unfairly,3
unfold,2
uni,1
uniforms,3
unimpressed,1
uninterested,2
union,39
unionnew,3
unionny,1
unions,2
unique,2
unisex,1
unit,1
unite,1
united,362
uniteds,17
united ,1
unites,2
universe,2
university,4
unless,3
unlike,6
unlikely,2
unlimited,3
unmatched,1
unofficial,1
unpleasant,1
unsettled,1
unsure,3
until,6
unto,1
untouchable,1
unusual,5
unwell,1
unwilling,2
up,233
upcoming,1
update,11
updated,2
updates,21
updatesdc,1
upended,1
uphill,1
uplif,1
upon,2
upper,2
ups,4
upset,3
upstage,2
upto,1
upward,1
ur,3
ura,1
urges,5
uri,1
uruguay,1
us,247
us11,1
usa,133
usateam,1
usbased,2
usborn,1
usd,2
use,26
used,23
usednew,1
useful,2
uses,2
using,12
usl,1
usmnt,8
ussr,1
usual,1
usun,2
utah,1
utbol,1
utc,1
utd,94
utds,1
utilise,2
utter,1
uturn,2
ux,1
v,209
v10,1
valdes,1
vale,1
valencia,14
valley,1
valuable,4
value,2
values,3
valverde,3
van,12
vancouv,1
vancouver,14
vandals,1
vanguard,1
vapor,6
var,3
vardy,5
vardys,1
vars,3
varsity,4
vary,1
vassell,1
vatican,1
vector,1
vegalta,1
venegas,2
venezuela,1
verbal,5
verdict,2
veron,1
verratti,4
verrattis,2
versatility,1
verses,1
version,4
versus,3
very,31
vespa,1
vest,1
vete,1
veteran,1
vette,1
vetted,1
vfb,1
vgc,2
vguc,1
vi,1
via,325
vialli,2
via rlacrosse,1
vicariously,1
vickerys,1
victims,12
victor,2
victories,1
victory,53
vid,3
vidal,6
vide,1
video,187
videos,23
videosdc,1
vieira,3
view,3
viewers,2
views,1
vigo,4
villa,43
villaaposs,2
villains,1
villarreal,4
villas,3
vincent,9
vines,114
vines 20,3
vines 201,4
vines 2017,1
vines com,2
vinnie,4
vintage,55
vinyl,9
violence,20
violent,6
vipleague,1
viral,8
virgil,2
virtuafoot,17
virtual,2
visas,2
vision,2
visit,7
visiting,2
visitor,1
visitors,2
visits,1
vital,1
vitoria,2
viva,1
vlog,1
vlogs,1
vnetphone,1
vntg,1
vodafone,1
voice,1
voices,1
volga,1
volle,1
volley,4
volleyball,32
volt648553107,2
volunteer,1
vote,9
voted,1
vows,1
voyeurism,1
vrs,1
vs,312
vsc,1
vtg,13
vulgarity,1
vzer,2
vía,2
vídeo,3
w,18
wa,1
wage,4
wagers,1
wags,1
wait,20
waiting,4
waivers,2
wake,1
wakeup,2
walcott,3
walcotts,2
wales,1
walfare,1
wali,1
walked,2
walking,7
wall,32
wallpaper,1
wallpapers,2
walsall,3
wanderers,1
wandrille,1
wanked,1
wanna,5
want,81
wanted,16
wants,45
war,2
wardprowse,1
ware,1
warm,12
warmup,5
warned,3
warning,2
warns,11
warranted,1
warren,4
warrior,9
warrix,3
warships,1
was,111
wash,1
washington,1
wasnt,5
wassup,1
waste,1
wasted,3
wasting,1
watc,1
watch,169
watched,10
watchedtryna,1
watches,2
watchespn,1
watching,27
water,6
waterproof,1
watever,1
watford,11
watts,2
waxing,1
way,27
wayne,2
wby,1
wc,2
we,164
weak,1
weaklings,1
wear,4
wearables,1
wearing,1
weather,2
weaving,1
web,1
webb,7
website,1
websites,4
wec,1
wed,2
wedidit,1
wedlock,1
wednesday,3
wednesdays,4
weds,2
week,52
weekend,57
weekends,2
weekly,4
weeks,16
weenies,1
weghorst,1
weighing,2
weighs,1
weights,1
weird,7
weirdest,7
welcome,29
welfare,2
well,26
wellington,1
wells,1
welp,1
welsh,2
wembley,2
wenger,65
wengers,11
went,16
werder,2
were,31
weren,1
wes,2
wespeakfootball,1
west,62
western,1
westwood,1
weve,5
wfcu,1
wgilt,1
what,135
whatd,1
whatever,12
whats,14
whatsapp00923356,5
whatsoever,1
when,72
whenever,1
where,51
wheres,1
whether,9
whi,1
which,34
while,29
whistle,1
whistles,1
whistling,5
white,30
whiteblack,1
whitecaps,16
whitecapssea,1
whitecapsseattle,4
whitecrimson,1
whites,1
whitney,10
whitsun,1
who,140
whoever,2
whole,11
wholesale,2
whos,14
whs,1
why,86
whyjust,1
wichita,1
wide,7
widest,2
wife,2
wigan,8
wildcats,3
will,157
willem,2
williamhill,1
williams,2
willian,12
willow,1
wilshere,11
wilson,1
wimbledon,2
win,299
wind,2
windbreaker,2
winds,1
windsor,1
wine,2
wing,2
winger,5
wingers,1
winless,6
winner,15
winners,7
winning,57
wins,26
winston,1
winter,1
wire,1
wish,15
wishes,1
wishlist,1
wisla,1
witchcraft,1
with,521
withdrawing,4
withdraws,2
witherspoon,1
within,2
without,17
wk,1
wks,1
wladimir,2
wm,3
wmanuals,1
wobble,1
woe,1
woes,3
wolfsburg,2
wollongong,1
wolverhampton,1
wolves,4
woman,1
women,139
womenleaguekayolestarletshocksocc,1
womens,52
won,20
wonder,6
wonderful,2
wondering,2
wonderkid,2
wonderland,1
wonders,1
wonderstrike,3
wondo,1
wont,17
wood,3
woof,1
wool,1
woolen,1
wor,1
word,12
wordpress,1
words,1
work,20
worked,3
working,8
workout,6
works,1
world,442
worldclass,3
worldie,1
worlds,20
worldwide,3
worn,2
worried,4
worry,3
worse,4
worst,22
worth,9
would,73
wouldnt,1
wounded,1
wow,3
wowee,1
wr,1
wrap,3
wrapping,1
wrapup,1
wreak,1
wrestle,10
wrestled,2
wrestling,6
wright,6
wrightphil,1
wrightphilips,1
wrist,3
writer,1
writers,1
written,1
wrong,17
wsj,1
wtags,1
wtf,3
wth,2
wvsu,1
wvu,3
wwas,1
wwc,1
wwe,1
wwiii,1
wx,1
wycombe,2
wyoming,1
wyt,1
x,29
x2,1
xabi,10
xb,1
xbox,6
xd,1
xi,7
xii,2
xl,78
xlb,2
xmas,1
xs,1
xtremetweet,9
xulu,1
xxl,11
y,4
ya,3
yacine,2
yadanarbon,3
yah,1
yall,10
yank,1
yanks,2
yard,3
yards,6
yaya,1
yea,1
yeah,5
yeahyour,1
year,39
yearfootball,1
years,38
years ,1
yedlin,1
yeezy,1
yelling,1
yellow,14
yeovil,3
yer,1
yeray,2
yes,50
yeste,1
yesterday,6
yesterdays,1
yet,9
yfyp,1
ymca,2
ynwa,4
yo,2
yonghong,2
yooooo,1
yore,2
york,22
yoshida,1
you,497
youd,5
yougame,1
youll,14
young,18
younger,2
youngest,3
youngsters,2
your,178
youre,15
youri,9
yours,4
yourself,1
yousaw,1
yousrtslikesfollows,1
youth,34
youtu,1
youtube,6
youve,2
ypoty,1
yr,4
yrs,3
yung,1
yup,1
zagorakis,3
zaha,3
zamalek,2
zambia,1
zambian,1
zambrotta,2
zapata,6
zaragoza,1
zayed,1
zealand,1
zenit,1
zero,3
zeugo,1
zhenzu,1
zhicheng,1
zidane,17
zidanes,4
zinedine,3
zionite,1
zip,2
zlatan,22
zlatans,1
zo,1
zoe,1
zola,12
zolas,1
zombie,1
zone,2
zones,1
zoom,2
zouma,2
zum,1
zuni,1
zurich,3
zwolle,1
 ,9
 10,1
 18apr,10
 essential soccer,1
 f,2
 football,3
 g,1
 i,1
 league,1
 nike,2
€105,1
€186,1
€25000,2
€28m,2
